,Date,Sum of Sales
0,2008-01-02,14056.71
1,2008-01-03,5997.040000000001
2,2008-01-04,10040.779999999999
3,2008-01-07,10788.220000000001
4,2008-01-08,15470.329999999998
5,2008-01-09,40890.53
6,2008-01-10,19054.59
7,2008-01-11,16886.82
8,2008-01-14,9718.380000000001
9,2008-01-15,16276.81
10,2008-01-16,6740.4800000000005
11,2008-01-17,20403.170000000002
12,2008-01-18,7360.879999999999
13,2008-01-21,3966.359999999999
14,2008-01-22,10393.84
15,2008-01-23,8707.71
16,2008-01-24,10339.990000000002
17,2008-01-25,5712.85
18,2008-01-28,8672.220000000001
19,2008-01-29,7333.42
20,2008-01-30,9405.54
21,2008-01-31,24387.440000000002
22,2008-02-01,4290.88
23,2008-02-04,10439.270000000002
24,2008-02-05,24599.020000000004
25,2008-02-06,10189.12
26,2008-02-07,11522.56
27,2008-02-08,4919.97
28,2008-02-11,9702.140000000003
29,2008-02-12,31249.49
30,2008-02-13,13051.640000000001
31,2008-02-14,10460.16
32,2008-02-15,9688.220000000001
33,2008-02-18,11601.109999999999
34,2008-02-19,18935.33
35,2008-02-20,2172.1200000000003
36,2008-02-21,5251.1100000000015
37,2008-02-22,10370.95
38,2008-02-25,13291.619999999999
39,2008-02-26,6473.54
40,2008-02-27,15228.95
41,2008-02-28,3658.9799999999996
42,2008-02-29,35378.22
43,2008-03-03,15266.689999999999
44,2008-03-04,16208.15
45,2008-03-05,19921.95
46,2008-03-06,10827.049999999997
47,2008-03-07,11787.409999999994
48,2008-03-10,7740.5199999999995
49,2008-03-11,10031.310000000001
50,2008-03-12,68285.71999999999
51,2008-03-13,15243.230000000001
52,2008-03-14,27271.71
53,2008-03-17,8502.829999999998
54,2008-03-18,12318.73
55,2008-03-19,9151.570000000003
56,2008-03-20,8965.96
57,2008-03-21,155.0
58,2008-03-24,15090.050000000001
59,2008-03-25,21385.159999999996
60,2008-03-26,11196.799999999996
61,2008-03-27,10833.34
62,2008-03-28,10186.510000000004
63,2008-03-31,15689.989999999998
64,2008-04-01,11392.159999999993
65,2008-04-02,5511.919999999998
66,2008-04-03,10944.470000000001
67,2008-04-04,8666.53
68,2008-04-07,8474.7
69,2008-04-08,6400.200000000001
70,2008-04-09,9227.41
71,2008-04-10,12103.939999999999
72,2008-04-11,7641.470000000001
73,2008-04-14,3341.54
74,2008-04-15,8272.74
75,2008-04-16,14928.8
76,2008-04-17,9423.479999999998
77,2008-04-18,3579.75
78,2008-04-21,7923.499999999999
79,2008-04-22,1207.4699999999998
80,2008-04-23,9064.779999999999
81,2008-04-24,17235.8
82,2008-04-25,10003.25
83,2008-04-26,4572.58
84,2008-04-28,5400.3099999999995
85,2008-04-29,16584.190000000002
86,2008-04-30,23486.50000000002
87,2008-05-01,6362.1
88,2008-05-02,3148.22
89,2008-05-05,21432.980000000003
90,2008-05-06,19120.27
91,2008-05-07,8190.25
92,2008-05-08,12438.76
93,2008-05-09,4850.25
94,2008-05-12,5754.23
95,2008-05-13,9237.89
96,2008-05-14,8329.66
97,2008-05-15,10934.400000000001
98,2008-05-16,8286.31
99,2008-05-19,8221.86
100,2008-05-20,1653.65
101,2008-05-21,56530.6399999999
102,2008-05-22,91720.61999999997
103,2008-05-23,25242.799999999992
104,2008-05-27,16645.97
105,2008-05-28,48634.29000000003
106,2008-05-29,68073.44000000002
107,2008-05-30,64751.309999999954
108,2008-06-02,17662.660000000003
109,2008-06-03,39868.77999999996
110,2008-06-04,55082.84000000001
111,2008-06-05,32642.059999999994
112,2008-06-06,32866.01
113,2008-06-09,31252.250000000004
114,2008-06-10,27373.119999999995
115,2008-06-11,40229.25
116,2008-06-12,30675.899999999998
117,2008-06-13,26447.949999999993
118,2008-06-16,19047.970000000005
119,2008-06-17,20689.589999999993
120,2008-06-18,17737.819999999996
121,2008-06-19,16702.250000000004
122,2008-06-20,6675.000000000001
123,2008-06-23,50990.02999999999
124,2008-06-24,7962.240000000002
125,2008-06-25,35444.94000000001
126,2008-06-26,21784.210000000003
127,2008-06-27,20643.32
128,2008-06-30,24889.920000000006
129,2008-07-01,6993.44
130,2008-07-02,4472.1
131,2008-07-03,10046.240000000003
132,2008-07-07,5372.900000000001
133,2008-07-08,11941.099999999999
134,2008-07-09,9528.109999999999
135,2008-07-10,13439.320000000002
136,2008-07-11,5776.700000000001
137,2008-07-14,5527.09
138,2008-07-15,8779.670000000002
139,2008-07-16,9130.9
140,2008-07-17,8010.47
141,2008-07-18,8405.2
142,2008-07-21,4960.120000000001
143,2008-07-22,7878.0
144,2008-07-23,10093.17
145,2008-07-24,3219.0800000000004
146,2008-07-25,139.19999999999987
147,2008-07-28,13702.880000000003
148,2008-07-29,11832.199999999999
149,2008-07-30,16041.079999999998
150,2008-07-31,17456.34
151,2008-08-01,4791.41
152,2008-08-04,12075.56
153,2008-08-05,13990.18
154,2008-08-06,8724.289999999999
155,2008-08-07,6168.630000000001
156,2008-08-08,18436.530000000002
157,2008-08-11,8373.57
158,2008-08-12,16634.670000000006
159,2008-08-13,5134.01
160,2008-08-14,6514.72
161,2008-08-15,4970.25
162,2008-08-18,5460.1
163,2008-08-19,8294.359999999999
164,2008-08-20,7451.709999999998
165,2008-08-21,5704.989999999999
166,2008-08-22,6987.479999999999
167,2008-08-25,5848.959999999999
168,2008-08-26,8271.05
169,2008-08-27,11772.939999999999
170,2008-08-28,7638.949999999999
171,2008-08-29,7728.04
172,2008-09-02,8122.07
173,2008-09-03,28006.999999999996
174,2008-09-04,13126.390000000001
175,2008-09-05,12508.720000000001
176,2008-09-08,12362.390000000001
177,2008-09-09,8590.11
178,2008-09-10,3386.4799999999996
179,2008-09-11,17316.260000000002
180,2008-09-12,6706.029999999999
181,2008-09-15,13230.97
182,2008-09-16,7524.100000000001
183,2008-09-17,1514.19
184,2008-09-18,3072.05
185,2008-09-19,9082.810000000001
186,2008-09-22,5617.65
187,2008-09-23,11858.779999999997
188,2008-09-24,9156.28
189,2008-09-25,6687.0
190,2008-09-26,12689.289999999999
191,2008-09-29,10684.71
192,2008-09-30,5363.4
193,2008-10-01,1788.4099999999999
194,2008-10-02,6294.880000000002
195,2008-10-03,6345.59
196,2008-10-06,5848.6
197,2008-10-07,3912.43
198,2008-10-08,5055.969999999999
199,2008-10-09,5974.810000000001
200,2008-10-10,5003.8
201,2008-10-13,3078.21
202,2008-10-14,6164.19
203,2008-10-15,6127.26
204,2008-10-16,2985.06
205,2008-10-17,4594.03
206,2008-10-20,7920.95
207,2008-10-21,6331.93
208,2008-10-22,3734.4699999999993
209,2008-10-23,8045.95
210,2008-10-24,3591.0999999999995
211,2008-10-27,4185.25
212,2008-10-28,12343.960000000001
213,2008-10-29,138927.80000000002
214,2008-10-30,38119.23
215,2008-10-31,74700.04
216,2008-11-03,11354.33
217,2008-11-04,3537.45
218,2008-11-05,42557.01
219,2008-11-06,27890.1
220,2008-11-07,11282.070000000002
221,2008-11-10,37447.619999999995
222,2008-11-11,6578.1
223,2008-11-12,49768.450000000004
224,2008-11-13,10435.84
225,2008-11-14,115843.31
226,2008-11-17,168144.14
227,2008-11-18,16393.98
228,2008-11-19,82876.5
229,2008-11-20,13489.6
230,2008-11-21,21909.329999999998
231,2008-11-24,11241.3
232,2008-11-25,17766.67
233,2008-11-26,25050.950000000004
234,2008-12-01,8316.880000000001
235,2008-12-02,42640.060000000005
236,2008-12-03,22301.85
237,2008-12-04,16101.56
238,2008-12-05,1732.0899999999997
239,2008-12-08,10643.730000000001
240,2008-12-09,9098.82
241,2008-12-10,11406.590000000004
242,2008-12-11,18480.390000000003
243,2008-12-12,10210.45
244,2008-12-15,23033.8
245,2008-12-16,10444.22
246,2008-12-17,8134.4400000000005
247,2008-12-18,14756.739999999996
248,2008-12-19,26836.039999999997
249,2008-12-22,7461.049999999999
250,2008-12-23,2044.5000000000002
251,2008-12-24,10997.970000000005
252,2008-12-29,30406.899999999998
253,2008-12-30,14486.529999999999
254,2009-01-02,12245.550000000001
255,2009-01-05,9451.0
256,2009-01-06,13356.48
257,2009-01-07,16882.72
258,2009-01-08,13227.04
259,2009-01-09,26934.460000000006
260,2009-01-12,18957.61
261,2009-01-13,22887.0
262,2009-01-14,15078.43
263,2009-01-15,20744.040000000005
264,2009-01-16,11517.3
265,2009-01-19,15502.32
266,2009-01-20,15087.3
267,2009-01-21,10658.949999999999
268,2009-01-22,11245.69
269,2009-01-23,6525.979999999999
270,2009-01-26,12769.74
271,2009-01-27,20226.99
272,2009-01-28,10603.329999999996
273,2009-01-29,19001.06
274,2009-01-30,12316.420000000002
275,2009-02-02,8268.539999999999
276,2009-02-03,11117.33
277,2009-02-04,5905.030000000001
278,2009-02-05,4158.11
279,2009-02-06,16460.760000000002
280,2009-02-09,11658.750000000002
281,2009-02-10,9700.949999999999
282,2009-02-11,7961.5199999999995
283,2009-02-12,15143.05
284,2009-02-13,4140.49
285,2009-02-16,9011.250000000002
286,2009-02-17,8648.42
287,2009-02-18,10072.27
288,2009-02-19,19166.57
289,2009-02-20,12522.029999999999
290,2009-02-23,9365.62
291,2009-02-24,19265.22
292,2009-02-25,11903.88
293,2009-02-26,10230.999999999998
294,2009-02-27,10298.199999999999
295,2009-03-02,19080.09
296,2009-03-03,10094.53
297,2009-03-04,6133.77
298,2009-03-05,6424.54
299,2009-03-06,4696.55
300,2009-03-09,14501.64
301,2009-03-10,85081.20999999999
302,2009-03-11,9005.25
303,2009-03-12,16615.319999999996
304,2009-03-13,16955.840000000004
305,2009-03-16,16210.75
306,2009-03-17,8874.519999999997
307,2009-03-18,6749.719999999998
308,2009-03-19,12273.990000000002
309,2009-03-20,14545.330000000002
310,2009-03-23,10032.64
311,2009-03-24,15844.63
312,2009-03-25,6669.4
313,2009-03-26,13355.919999999998
314,2009-03-27,6919.84
315,2009-03-30,8400.02
316,2009-03-31,28607.64
317,2009-04-01,8254.640000000001
318,2009-04-02,6400.929999999999
319,2009-04-03,7760.380000000001
320,2009-04-06,4659.099999999999
321,2009-04-07,36576.560000000005
322,2009-04-08,23564.399999999998
323,2009-04-09,13203.419999999998
324,2009-04-10,14859.57
325,2009-04-13,5871.56
326,2009-04-14,7991.76
327,2009-04-15,28299.499999999993
328,2009-04-16,17440.71
329,2009-04-17,13869.119999999999
330,2009-04-20,18812.620000000003
331,2009-04-21,29853.64
332,2009-04-22,3073.29
333,2009-04-23,7997.78
334,2009-04-24,7403.450000000001
335,2009-04-27,15999.01
336,2009-04-28,9283.759999999997
337,2009-04-29,13259.030000000002
338,2009-04-30,16454.730000000003
339,2009-05-01,3122.14
340,2009-05-04,5339.04
341,2009-05-05,7462.649999999999
342,2009-05-06,10524.199999999999
343,2009-05-07,25564.05
344,2009-05-08,6918.720000000001
345,2009-05-11,11752.609999999999
346,2009-05-12,13882.87
347,2009-05-13,10986.43
348,2009-05-14,11272.409999999998
349,2009-05-15,12123.61
350,2009-05-18,8873.720000000001
351,2009-05-19,6824.6
352,2009-05-20,7244.070000000001
353,2009-05-21,17351.5
354,2009-05-22,1611.0
355,2009-05-26,15997.1
356,2009-05-27,12950.34
357,2009-05-28,22581.65
358,2009-05-29,8125.490000000001
359,2009-06-01,8643.529999999999
360,2009-06-02,6345.06
361,2009-06-03,11504.269999999999
362,2009-06-04,9404.82
363,2009-06-05,3554.2299999999996
364,2009-06-08,2355.4700000000003
365,2009-06-09,12921.449999999999
366,2009-06-10,2284.65
367,2009-06-11,5166.610000000001
368,2009-06-12,2885.97
369,2009-06-15,4504.0
370,2009-06-16,12542.439999999999
371,2009-06-17,5008.6
372,2009-06-18,5589.16
373,2009-06-19,3397.280000000001
374,2009-06-22,9274.449999999997
375,2009-06-23,4021.57
376,2009-06-24,7088.43
377,2009-06-25,3575.0499999999993
378,2009-06-26,4455.7
379,2009-06-29,6642.62
380,2009-06-30,9506.789999999999
381,2009-07-01,7236.75
382,2009-07-02,891.0
383,2009-07-06,11345.740000000002
384,2009-07-07,4021.7599999999998
385,2009-07-08,5036.250000000001
386,2009-07-09,5309.740000000002
387,2009-07-10,11959.170000000002
388,2009-07-13,7487.69
389,2009-07-14,8863.180000000002
390,2009-07-15,5525.509999999999
391,2009-07-16,6109.64
392,2009-07-17,6715.9000000000015
393,2009-07-20,3286.9
394,2009-07-21,6830.25
395,2009-07-22,7482.839999999999
396,2009-07-23,5723.45
397,2009-07-24,3357.06
398,2009-07-27,6696.749999999999
399,2009-07-28,13649.209999999997
400,2009-07-29,4954.98
401,2009-07-30,6175.55
402,2009-07-31,4539.12
403,2009-08-03,4640.08
404,2009-08-04,11046.039999999999
405,2009-08-05,7442.28
406,2009-08-06,5700.859999999999
407,2009-08-07,5522.68
408,2009-08-10,13674.26
409,2009-08-11,10959.61
410,2009-08-12,2338.8
411,2009-08-13,5180.060000000001
412,2009-08-14,838.71
413,2009-08-17,-1016.4000000000001
414,2009-08-18,7596.000000000001
415,2009-08-19,10506.050000000001
416,2009-08-20,16092.700000000003
417,2009-08-21,3688.2999999999997
418,2009-08-24,9020.62
419,2009-08-25,15811.03
420,2009-08-26,18587.12
421,2009-08-27,5505.4
422,2009-08-28,2710.15
423,2009-08-31,24720.400000000005
424,2009-09-01,20158.710000000003
425,2009-09-02,7147.25
426,2009-09-03,4005.6500000000005
427,2009-09-04,4342.54
428,2009-09-08,14673.79
429,2009-09-09,5551.520000000001
430,2009-09-10,5203.88
431,2009-09-11,9972.15
432,2009-09-14,9148.33
433,2009-09-15,9869.660000000002
434,2009-09-16,5844.7300000000005
435,2009-09-17,9663.910000000002
436,2009-09-18,15101.850000000002
437,2009-09-21,10456.05
438,2009-09-22,5967.66
439,2009-09-23,7408.369999999999
440,2009-09-24,14567.11
441,2009-09-25,4732.04
442,2009-09-28,7826.77
443,2009-09-29,8654.72
444,2009-09-30,12482.649999999998
445,2009-10-01,4122.9400000000005
446,2009-10-02,8829.09
447,2009-10-05,8388.74
448,2009-10-06,8430.039999999999
449,2009-10-07,11371.52
450,2009-10-08,8005.2
451,2009-10-09,9496.22
452,2009-10-12,3889.4499999999994
453,2009-10-13,3077.35
454,2009-10-14,4398.900000000001
455,2009-10-15,3071.74
456,2009-10-16,9673.660000000002
457,2009-10-19,3967.4500000000003
458,2009-10-20,22283.479999999996
459,2009-10-21,112806.75000000001
460,2009-10-22,6360.539999999997
461,2009-10-23,3232.99
462,2009-10-26,24364.320000000003
463,2009-10-27,9441.080000000002
464,2009-10-28,29767.26
465,2009-10-29,35164.42
466,2009-10-30,19217.800000000003
467,2009-11-02,17935.35
468,2009-11-03,22950.29
469,2009-11-04,8528.29
470,2009-11-05,11051.400000000001
471,2009-11-06,8280.05
472,2009-11-09,20376.329999999998
473,2009-11-10,8203.779999999999
474,2009-11-11,20969.089999999997
475,2009-11-12,8197.27
476,2009-11-13,3659.1999999999994
477,2009-11-16,10367.049999999997
478,2009-11-17,6743.089999999999
479,2009-11-18,14549.23
480,2009-11-19,11549.57
481,2009-11-20,3931.74
482,2009-11-23,14216.73
483,2009-11-24,12186.729999999998
484,2009-11-25,8449.91
485,2009-11-30,8841.810000000001
486,2009-12-01,22031.91
487,2009-12-02,10246.92
488,2009-12-03,3804.45
489,2009-12-04,5425.669999999999
490,2009-12-07,7102.11
491,2009-12-08,11662.19
492,2009-12-09,2779.98
493,2009-12-10,9993.809999999998
494,2009-12-11,4128.88
495,2009-12-14,12199.67
496,2009-12-15,8289.86
497,2009-12-16,11933.399999999998
498,2009-12-17,9261.199999999999
499,2009-12-18,4915.049999999999
500,2009-12-21,8072.8099999999995
501,2009-12-22,6578.5
502,2009-12-23,3298.64
503,2009-12-24,8143.75
504,2009-12-28,27384.600000000002
505,2009-12-29,17056.050000000003
506,2009-12-30,4142.03
507,2009-12-31,24026.759999999995
508,2010-01-04,6950.6799999999985
509,2010-01-05,11744.789999999999
510,2010-01-06,8210.35
511,2010-01-07,24384.409999999996
512,2010-01-08,15623.649999999998
513,2010-01-11,9246.28
514,2010-01-12,15993.72
515,2010-01-13,7804.069999999999
516,2010-01-14,15317.53
517,2010-01-15,4199.7699999999995
518,2010-01-18,6966.55
519,2010-01-19,11611.879999999997
520,2010-01-20,11263.81
521,2010-01-21,4301.460000000001
522,2010-01-22,5065.58
523,2010-01-25,4350.31
524,2010-01-26,14543.05
525,2010-01-27,15466.289999999999
526,2010-01-28,12125.640000000001
527,2010-01-29,8134.83
528,2010-02-01,8983.55
529,2010-02-02,13268.150000000001
530,2010-02-03,4597.450000000001
531,2010-02-04,22544.6
532,2010-02-05,11620.1
533,2010-02-08,7788.57
534,2010-02-09,14101.890000000003
535,2010-02-10,9331.55
536,2010-02-11,12446.98
537,2010-02-12,12127.050000000001
538,2010-02-15,4187.46
539,2010-02-16,5299.789999999999
540,2010-02-17,5835.52
541,2010-02-18,5629.25
542,2010-02-19,9358.67
543,2010-02-22,5908.960000000001
544,2010-02-23,10742.84
545,2010-02-24,7986.35
546,2010-02-25,13173.28
547,2010-02-26,10499.06
548,2010-03-01,3661.0800000000004
549,2010-03-02,10431.019999999997
550,2010-03-03,6689.549999999999
551,2010-03-04,5147.36
552,2010-03-05,19191.54
553,2010-03-08,8010.9
554,2010-03-09,48410.37
555,2010-03-10,7041.86
556,2010-03-11,12795.85
557,2010-03-12,8695.55
558,2010-03-15,970.85
559,2010-03-16,9309.150000000001
560,2010-03-17,6424.33
561,2010-03-18,51344.78999999999
562,2010-03-19,27429.870000000003
563,2010-03-22,5662.639999999999
564,2010-03-23,6095.610000000001
565,2010-03-24,12453.08
566,2010-03-25,35859.600000000006
567,2010-03-26,7417.5199999999995
568,2010-03-29,14578.289999999999
569,2010-03-30,3620.32
570,2010-03-31,22273.050000000003
571,2010-04-01,10423.73
572,2010-04-02,5006.5
573,2010-04-05,9130.95
574,2010-04-06,7933.109999999999
575,2010-04-07,6494.35
576,2010-04-08,14664.600000000002
577,2010-04-09,8789.53
578,2010-04-12,5653.9400000000005
579,2010-04-13,23915.190000000002
580,2010-04-14,11321.869999999999
581,2010-04-15,8948.29
582,2010-04-16,6996.1
583,2010-04-19,12931.89
584,2010-04-20,7759.5199999999995
585,2010-04-21,13021.140000000001
586,2010-04-22,15521.930000000002
587,2010-04-23,6033.02
588,2010-04-26,8660.92
589,2010-04-27,12035.489999999998
590,2010-04-28,4591.950000000001
591,2010-04-29,11799.919999999998
592,2010-04-30,14694.79
593,2010-05-03,6889.019999999999
594,2010-05-04,8506.86
595,2010-05-05,8194.279999999999
596,2010-05-06,7442.919999999999
597,2010-05-07,3749.55
598,2010-05-10,19026.93
599,2010-05-11,6086.5
600,2010-05-12,7123.55
601,2010-05-13,10260.289999999999
602,2010-05-14,11099.02
603,2010-05-17,6552.48
604,2010-05-18,10071.5
605,2010-05-19,10068.969999999994
606,2010-05-20,4065.0499999999997
607,2010-05-21,7759.36
608,2010-05-24,9069.459999999997
609,2010-05-25,7902.450000000001
610,2010-05-26,6683.939999999999
611,2010-05-27,20448.34
612,2010-05-28,26666.39000000001
613,2010-06-01,6276.05
614,2010-06-02,8028.539999999999
615,2010-06-03,9423.03
616,2010-06-04,3496.39
617,2010-06-07,5319.429999999999
618,2010-06-08,3161.95
619,2010-06-09,8216.93
620,2010-06-10,4852.179999999999
621,2010-06-11,3521.0
622,2010-06-14,6438.62
623,2010-06-15,6685.139999999999
624,2010-06-16,10577.019999999999
625,2010-06-17,5482.9800000000005
626,2010-06-18,6443.5
627,2010-06-21,15745.99
628,2010-06-22,1943.94
629,2010-06-23,16819.519999999997
630,2010-06-24,8353.07
631,2010-06-25,6756.4
632,2010-06-28,10532.679999999998
633,2010-06-29,8522.04
634,2010-06-30,5326.04
635,2010-07-01,9158.25
636,2010-07-02,4087.9000000000005
637,2010-07-06,10218.89
638,2010-07-07,9407.16
639,2010-07-08,9579.650000000001
640,2010-07-09,9874.03
641,2010-07-12,9115.98
642,2010-07-13,10803.21
643,2010-07-14,8445.539999999999
644,2010-07-15,10454.66
645,2010-07-16,7262.19
646,2010-07-19,5947.589999999999
647,2010-07-20,4716.1
648,2010-07-21,7337.839999999998
649,2010-07-22,3051.1000000000004
650,2010-07-23,4551.450000000001
651,2010-07-26,11430.679999999998
652,2010-07-27,10358.98
653,2010-07-28,11381.83
654,2010-07-29,4609.4
655,2010-07-30,5909.98
656,2010-08-02,2066.39
657,2010-08-03,9431.55
658,2010-08-04,2255.15
659,2010-08-05,7519.159999999999
660,2010-08-06,5852.279999999999
661,2010-08-09,3974.71
662,2010-08-10,2810.0499999999997
663,2010-08-11,4317.6
664,2010-08-12,5589.48
665,2010-08-13,5817.73
666,2010-08-16,4547.99
667,2010-08-17,5068.990000000001
668,2010-08-18,4405.7
669,2010-08-19,5055.59
670,2010-08-20,9902.449999999999
671,2010-08-23,9311.119999999999
672,2010-08-24,6623.08
673,2010-08-25,5166.77
674,2010-08-26,17012.57
675,2010-08-27,6477.68
676,2010-08-30,1558.81
677,2010-08-31,2191.8999999999996
678,2010-09-01,31577.77
679,2010-09-02,9106.200000000004
680,2010-09-03,5071.2699999999995
681,2010-09-07,14654.13
682,2010-09-08,9587.67
683,2010-09-09,9129.18
684,2010-09-10,6941.35
685,2010-09-13,7524.169999999999
686,2010-09-14,5003.539999999999
687,2010-09-15,17761.52
688,2010-09-16,13511.199999999997
689,2010-09-17,11727.539999999999
690,2010-09-20,7649.08
691,2010-09-21,15040.470000000001
692,2010-09-22,3959.7699999999995
693,2010-09-23,8347.2
694,2010-09-24,4845.89
695,2010-09-27,5339.739999999999
696,2010-09-28,9155.19
697,2010-09-29,2823.45
698,2010-09-30,5459.219999999999
699,2010-10-01,4733.410000000001
700,2010-10-04,3855.13
701,2010-10-05,3528.01
702,2010-10-06,8867.41
703,2010-10-07,13531.579999999998
704,2010-10-08,3911.91
705,2010-10-11,6853.57
706,2010-10-12,77.86000000000001
707,2010-10-13,3390.1899999999996
708,2010-10-14,4016.5400000000004
709,2010-10-15,3417.1800000000003
710,2010-10-18,3705.1
711,2010-10-19,11356.269999999999
712,2010-10-20,13003.14
713,2010-10-21,3032.1600000000003
714,2010-10-22,2737.91
715,2010-10-25,6937.75
716,2010-10-26,39036.92999999999
717,2010-10-27,13688.119999999999
718,2010-10-28,184317.30000000002
719,2010-10-29,52832.51000000002
720,2010-11-01,18550.1
721,2010-11-02,11321.33
722,2010-11-03,12070.949999999999
723,2010-11-04,12085.73
724,2010-11-05,2410.09
725,2010-11-08,11638.7
726,2010-11-09,10552.000000000002
727,2010-11-10,5749.32
728,2010-11-11,3250.14
729,2010-11-12,11345.029999999999
730,2010-11-15,60614.20000000001
731,2010-11-16,3391.7000000000003
732,2010-11-17,56045.06
733,2010-11-18,5795.89
734,2010-11-19,12722.51
735,2010-11-22,13045.529999999999
736,2010-11-23,4810.92
737,2010-11-24,333427.57999999996
738,2010-11-29,69241.07
739,2010-11-30,98260.75999999998
740,2010-12-01,9725.75
741,2010-12-02,16406.25
742,2010-12-03,18226.570000000003
743,2010-12-06,16233.019999999999
744,2010-12-07,14872.37
745,2010-12-08,16223.260000000002
746,2010-12-09,13206.670000000002
747,2010-12-10,9514.28
748,2010-12-13,5762.57
749,2010-12-14,12986.8
750,2010-12-15,10849.230000000001
751,2010-12-16,17601.979999999996
752,2010-12-17,11586.83
753,2010-12-20,9638.470000000001
754,2010-12-21,3604.22
755,2010-12-22,8129.61
756,2010-12-23,14757.72
757,2010-12-27,3409.9700000000003
758,2010-12-28,8413.42
759,2010-12-29,15129.039999999999
760,2010-12-30,11215.449999999999
761,2011-01-03,21737.91
762,2011-01-04,13384.05
763,2011-01-05,13056.160000000003
764,2011-01-06,19492.639999999996
765,2011-01-07,13209.64
766,2011-01-10,8792.45
767,2011-01-11,11843.700000000003
768,2011-01-12,14308.81
769,2011-01-13,-186.0
770,2011-01-14,17971.579999999998
771,2011-01-17,10689.039999999997
772,2011-01-18,13628.219999999998
773,2011-01-19,10873.25
774,2011-01-20,23943.310000000005
775,2011-01-21,11256.95
776,2011-01-24,13044.889999999998
777,2011-01-25,11901.860000000002
778,2011-01-26,14682.75
779,2011-01-27,41684.280000000006
780,2011-01-28,13542.19
781,2011-01-31,9552.86
782,2011-02-01,6549.5599999999995
783,2011-02-03,8995.679999999998
784,2011-02-04,16353.55
785,2011-02-07,12174.55
786,2011-02-08,32764.940000000002
787,2011-02-09,13347.42
788,2011-02-10,10816.32
789,2011-02-11,10136.25
790,2011-02-14,8767.96
791,2011-02-15,12613.69
792,2011-02-16,9983.519999999999
793,2011-02-17,8523.279999999999
794,2011-02-18,7719.78
795,2011-02-21,6624.04
796,2011-02-22,4398.65
797,2011-02-23,21142.57
798,2011-02-24,10151.3
799,2011-02-25,16779.839999999997
800,2011-02-28,7227.7300000000005
801,2011-03-01,7796.95
802,2011-03-02,7418.6
803,2011-03-03,9762.71
804,2011-03-04,9634.759999999997
805,2011-03-07,24742.54
806,2011-03-08,38649.810000000005
807,2011-03-09,29040.05
808,2011-03-10,8522.93
809,2011-03-11,13705.43
810,2011-03-14,6494.6
811,2011-03-15,23129.450000000004
812,2011-03-16,13359.880000000001
813,2011-03-17,17811.010000000006
814,2011-03-18,6827.11
815,2011-03-21,10713.689999999999
816,2011-03-22,12542.060000000001
817,2011-03-23,51440.619999999995
818,2011-03-24,51682.869999999995
819,2011-03-25,14219.789999999997
820,2011-03-28,19146.579999999998
821,2011-03-29,11999.020000000002
822,2011-03-30,9841.1
823,2011-03-31,12865.990000000002
824,2011-04-01,11982.580000000002
825,2011-04-04,3992.31
826,2011-04-05,7157.89
827,2011-04-06,12160.68
828,2011-04-07,6904.07
829,2011-04-08,8646.3
830,2011-04-11,5629.299999999999
831,2011-04-12,5294.599999999999
832,2011-04-13,6943.03
833,2011-04-14,20488.739999999998
834,2011-04-15,14923.16
835,2011-04-18,17227.670000000002
836,2011-04-19,10685.779999999999
837,2011-04-20,20697.280000000002
838,2011-04-21,11722.95
839,2011-04-22,2717.87
840,2011-04-25,12262.48
841,2011-04-26,7088.889999999999
842,2011-04-27,12305.17
843,2011-04-28,13398.83
844,2011-04-29,18498.44
845,2011-05-02,8016.15
846,2011-05-03,9739.61
847,2011-05-04,9539.170000000002
848,2011-05-05,7939.639999999999
849,2011-05-06,5933.68
850,2011-05-09,13967.289999999997
851,2011-05-10,6167.1
852,2011-05-11,3195.1
853,2011-05-12,14030.159999999998
854,2011-05-13,5269.99
855,2011-05-16,8947.630000000001
856,2011-05-17,9983.66
857,2011-05-18,9978.52
858,2011-05-19,11631.650000000001
859,2011-05-20,2916.95
860,2011-05-23,1033.9
861,2011-05-24,23747.250000000004
862,2011-05-25,3415.25
863,2011-05-26,15441.85
864,2011-05-27,4120.570000000001
865,2011-05-31,25461.68
866,2011-06-01,6849.490000000001
867,2011-06-02,10013.100000000002
868,2011-06-03,6525.59
869,2011-06-06,5985.5
870,2011-06-07,4483.15
871,2011-06-08,7691.089999999999
872,2011-06-09,5967.1
873,2011-06-10,7710.7300000000005
874,2011-06-13,9008.82
875,2011-06-14,4129.42
876,2011-06-15,9998.69
877,2011-06-16,9011.28
878,2011-06-17,4746.96
879,2011-06-20,6216.9800000000005
880,2011-06-21,6347.45
881,2011-06-22,12034.009999999998
882,2011-06-23,4718.01
883,2011-06-24,8734.46
884,2011-06-27,1976.45
885,2011-06-28,9620.17
886,2011-06-29,15786.299999999996
887,2011-06-30,9300.55
888,2011-07-01,3874.8899999999994
889,2011-07-05,2921.85
890,2011-07-06,6200.300000000001
891,2011-07-07,2947.95
892,2011-07-08,17790.34
893,2011-07-11,4495.87
894,2011-07-12,7699.710000000001
895,2011-07-13,4351.38
896,2011-07-14,9277.109999999999
897,2011-07-15,7182.74
898,2011-07-18,5439.450000000001
899,2011-07-19,4543.780000000001
900,2011-07-20,2763.0
901,2011-07-21,2502.47
902,2011-07-22,5324.6
903,2011-07-25,5886.32
904,2011-07-26,3636.2000000000003
905,2011-07-27,19613.880000000005
906,2011-07-28,3690.1600000000003
907,2011-07-29,3315.8799999999997
908,2011-08-01,9905.460000000001
909,2011-08-02,8286.0
910,2011-08-03,1662.3
911,2011-08-04,4543.73
912,2011-08-05,10564.06
913,2011-08-08,5845.0
914,2011-08-09,4073.35
915,2011-08-10,5114.009999999999
916,2011-08-11,6991.95
917,2011-08-12,3373.06
918,2011-08-15,0.0
919,2011-08-16,8130.19
920,2011-08-17,6288.36
921,2011-08-18,7718.92
922,2011-08-19,6055.74
923,2011-08-22,4955.8
924,2011-08-23,8168.46
925,2011-08-24,5267.929999999999
926,2011-08-25,4122.5599999999995
927,2011-08-26,19817.189999999995
928,2011-08-29,5966.55
929,2011-08-30,21012.800000000007
930,2011-08-31,5621.9400000000005
931,2011-09-01,2635.61
932,2011-09-02,4909.349999999999
933,2011-09-06,14004.17
934,2011-09-07,7156.950000000001
935,2011-09-08,5181.79
936,2011-09-09,5077.780000000001
937,2011-09-12,1711.8799999999999
938,2011-09-13,9638.18
939,2011-09-14,10930.16
940,2011-09-15,3575.3500000000004
941,2011-09-16,538.24
942,2011-09-19,8261.759999999998
943,2011-09-20,6615.419999999999
944,2011-09-21,2130.04
945,2011-09-22,8335.36
946,2011-09-23,5782.9
947,2011-09-26,2848.64
948,2011-09-27,3101.4500000000003
949,2011-09-28,2003.7400000000002
950,2011-09-29,15743.06
951,2011-09-30,16705.740000000005
952,2011-10-03,18125.82
953,2011-10-04,1323.78
954,2011-10-05,7893.32
955,2011-10-06,4998.530000000001
956,2011-10-07,3555.66
957,2011-10-10,4846.4400000000005
958,2011-10-11,3891.8900000000003
959,2011-10-12,7903.45
960,2011-10-13,4204.16
961,2011-10-14,4347.71
962,2011-10-17,3940.5
963,2011-10-18,5227.990000000001
964,2011-10-19,5161.889999999999
965,2011-10-20,13976.849999999999
966,2011-10-21,4027.42
967,2011-10-24,4620.43
968,2011-10-25,10821.45
969,2011-10-26,6959.150000000001
970,2011-10-27,5076.92
971,2011-10-28,2864.2
972,2011-10-31,4350.23
973,2011-11-01,31803.469999999998
974,2011-11-02,18971.670000000002
975,2011-11-03,8441.48
976,2011-11-04,27821.469999999994
977,2011-11-07,16328.92
978,2011-11-08,20150.24
979,2011-11-09,8367.13
980,2011-11-10,5539.370000000001
981,2011-11-11,27785.710000000003
982,2011-11-14,50218.490000000005
983,2011-11-15,6626.59
984,2011-11-16,21035.16
985,2011-11-17,20894.25
986,2011-11-18,10870.119999999999
987,2011-11-21,5852.36
988,2011-11-22,6597.57
989,2011-11-23,4882.38
990,2011-11-28,6095.969999999999
991,2011-11-29,5558.39
992,2011-11-30,32663.64
993,2011-12-01,5807.05
994,2011-12-02,8075.550000000001
995,2011-12-05,13526.060000000001
996,2011-12-06,3763.42
997,2011-12-07,6572.81
998,2011-12-08,4974.0
999,2011-12-09,5543.44
1000,2011-12-12,8480.81
1001,2011-12-13,13001.429999999998
1002,2011-12-14,4086.9500000000003
1003,2011-12-15,4771.88
1004,2011-12-16,2356.0200000000004
1005,2011-12-19,4621.0
1006,2011-12-20,5041.429999999999
1007,2011-12-21,14673.71
1008,2011-12-22,13966.2
1009,2011-12-27,2441.63
1010,2011-12-28,8851.550000000001
1011,2011-12-29,4905.34
1012,2011-12-30,5948.8
1013,2012-01-03,5060.47
1014,2012-01-04,3800.4
1015,2012-01-05,4634.1900000000005
1016,2012-01-06,3777.63
1017,2012-01-09,3124.96
1018,2012-01-10,2676.33
1019,2012-01-11,6254.08
1020,2012-01-12,6522.02
1021,2012-01-13,5146.77
1022,2012-01-16,716.45
1023,2012-01-17,3314.98
1024,2012-01-18,2991.75
1025,2012-01-19,7950.69
1026,2012-01-20,12475.91
1027,2012-01-23,2740.5
1028,2012-01-24,2525.41
1029,2012-01-25,2872.8
1030,2012-01-26,15606.34
1031,2012-01-27,4271.32
1032,2012-01-30,2505.61
1033,2012-01-31,3159.99
1034,2012-02-01,3054.13
1035,2012-02-02,2804.52
1036,2012-02-03,4953.15
1037,2012-02-06,18993.42
1038,2012-02-07,5815.610000000001
1039,2012-02-08,15608.0
1040,2012-02-09,4075.1200000000003
1041,2012-02-10,11495.25
1042,2012-02-13,3783.51
1043,2012-02-14,2677.86
1044,2012-02-15,1680.9499999999998
1045,2012-02-16,5612.5599999999995
1046,2012-02-17,11215.4
1047,2012-02-20,1372.0
1048,2012-02-21,3923.2999999999997
1049,2012-02-22,3557.4
1050,2012-02-23,7547.07
1051,2012-02-24,2277.42
1052,2012-02-27,4297.99
1053,2012-02-28,3212.08
1054,2012-02-29,5712.77
1055,2012-03-01,1290.25
1056,2012-03-02,2444.36
1057,2012-03-05,3644.5
1058,2012-03-06,1559.6
1059,2012-03-07,4437.92
1060,2012-03-08,3677.71
1061,2012-03-09,1894.35
1062,2012-03-12,4684.2
1063,2012-03-13,3067.5
1064,2012-03-14,4366.42
1065,2012-03-15,3119.0
1066,2012-03-16,1417.1
1067,2012-03-19,3751.12
1068,2012-03-20,13094.45
1069,2012-03-21,3036.4300000000003
1070,2012-03-22,2122.72
1071,2012-03-23,6190.71
1072,2012-03-26,2294.25
1073,2012-03-27,1847.25
1074,2012-03-28,1691.55
1075,2012-03-29,3983.5
1076,2012-03-30,2643.51
1077,2012-04-02,3772.03
1078,2012-04-03,5310.469999999999
1079,2012-04-04,5042.15
1080,2012-04-05,7635.030000000001
1081,2012-04-06,261.95
1082,2012-04-09,1466.45
1083,2012-04-10,64625.36
1084,2012-04-11,6511.15
1085,2012-04-12,2622.12
1086,2012-04-13,3212.95
1087,2012-04-16,5040.92
1088,2012-04-17,19728.690000000002
1089,2012-04-18,3624.92
1090,2012-04-19,4664.89
1091,2012-04-20,31450.609999999997
1092,2012-04-23,6641.96
1093,2012-04-24,9076.779999999999
1094,2012-04-25,5881.49
1095,2012-04-26,7562.89
1096,2012-04-27,2642.43
1097,2012-04-30,6019.28
1098,2012-05-01,5641.8
1099,2012-05-02,2853.4
1100,2012-05-03,6849.93
1101,2012-05-04,1017.0999999999999
1102,2012-05-07,2611.27
1103,2012-05-08,8458.79
1104,2012-05-09,7365.05
1105,2012-05-10,5677.42
1106,2012-05-11,2492.2299999999996
1107,2012-05-14,5246.48
1108,2012-05-15,3206.0699999999997
1109,2012-05-16,2740.84
1110,2012-05-17,2119.0
1111,2012-05-18,5757.27
1112,2012-05-21,1249.35
1113,2012-05-22,23338.3
1114,2012-05-23,18292.77
1115,2012-05-24,3137.3
1116,2012-05-25,5580.22
1117,2012-05-29,3329.13
1118,2012-05-30,3404.55
1119,2012-05-31,12992.19
1120,2012-06-01,2889.79
1121,2012-06-04,1533.8700000000001
1122,2012-06-05,1710.95
1123,2012-06-06,2151.58
1124,2012-06-07,10644.199999999999
1125,2012-06-08,1465.7
1126,2012-06-11,5278.87
1127,2012-06-12,2869.3
1128,2012-06-13,1570.27
1129,2012-06-14,1986.75
1130,2012-06-15,2178.71
1131,2012-06-18,1348.76
1132,2012-06-19,1246.59
1133,2012-06-20,-2236.38
1134,2012-06-21,1341.4
1135,2012-06-22,2608.51
1136,2012-06-25,2201.95
1137,2012-06-26,1792.63
1138,2012-06-27,64292.810000000005
1139,2012-06-28,91335.09
1140,2012-06-29,79221.14
1141,2012-07-02,31864.379999999997
1142,2012-07-03,29363.14
1143,2012-07-05,9856.04
1144,2012-07-06,10669.66
1145,2012-07-09,15042.12
1146,2012-07-10,18801.5
1147,2012-07-11,46403.54
1148,2012-07-12,69619.27
1149,2012-07-13,34037.0
1150,2012-07-16,30274.489999999998
1151,2012-07-17,21530.489999999998
1152,2012-07-18,20538.059999999998
1153,2012-07-19,9403.93
1154,2012-07-20,33435.02
1155,2012-07-23,42069.09
1156,2012-07-24,6329.05
1157,2012-07-25,3908.04
1158,2012-07-26,5453.4800000000005
1159,2012-07-27,14907.3
1160,2012-07-30,12956.560000000001
1161,2012-07-31,9992.36
1162,2012-08-01,17941.32
1163,2012-08-02,17493.34
1164,2012-08-03,30028.670000000002
1165,2012-08-06,35125.79
1166,2012-08-07,63510.13999999999
1167,2012-08-08,8668.91
1168,2012-08-09,5707.06
1169,2012-08-10,2755.3
1170,2012-08-13,6429.549999999999
1171,2012-08-14,4267.22
1172,2012-08-15,8008.01
1173,2012-08-16,6040.719999999999
1174,2012-08-17,7568.91
1175,2012-08-20,9477.12
1176,2012-08-21,3232.46
1177,2012-08-22,1538.72
1178,2012-08-23,1432.96
1179,2012-08-24,13522.02
1180,2012-08-27,6303.08
1181,2012-08-28,11013.25
1182,2012-08-29,4075.6499999999996
1183,2012-08-30,6719.79
1184,2012-08-31,14117.250000000002
1185,2012-09-04,2450.29
1186,2012-09-05,6229.110000000001
1187,2012-09-06,6978.09
1188,2012-09-07,44210.24
1189,2012-09-10,10727.75
1190,2012-09-11,5063.83
1191,2012-09-12,5814.639999999999
1192,2012-09-13,6179.76
1193,2012-09-14,8096.169999999999
1194,2012-09-17,36067.72
1195,2012-09-18,7747.250000000001
1196,2012-09-19,5041.070000000001
1197,2012-09-20,6624.63
1198,2012-09-21,9561.52
1199,2012-09-24,5557.34
1200,2012-09-25,12554.130000000001
1201,2012-09-26,10754.16
1202,2012-09-27,4433.989999999999
1203,2012-09-28,2883.3199999999997
1204,2012-10-01,6211.489999999999
1205,2012-10-02,6074.24
1206,2012-10-03,5159.219999999999
1207,2012-10-04,4755.97
1208,2012-10-05,7467.17
1209,2012-10-08,5365.860000000001
1210,2012-10-09,25229.77
1211,2012-10-10,8818.82
1212,2012-10-11,5223.960000000001
1213,2012-10-12,3194.15
1214,2012-10-15,8724.07
1215,2012-10-16,4572.46
1216,2012-10-17,11523.369999999999
1217,2012-10-18,3796.95
1218,2012-10-19,10478.349999999999
1219,2012-10-22,7033.89
1220,2012-10-23,9263.83
1221,2012-10-24,4896.32
1222,2012-10-25,5824.450000000001
1223,2012-10-26,4155.98
1224,2012-10-29,2493.3599999999997
1225,2012-10-30,5560.620000000001
1226,2012-10-31,13813.880000000001
1227,2012-11-01,5840.48
1228,2012-11-02,2978.61
1229,2012-11-05,6431.58
1230,2012-11-06,4697.55
1231,2012-11-07,1482.18
1232,2012-11-08,3074.36
1233,2012-11-09,7549.99
1234,2012-11-12,6182.19
1235,2012-11-13,5638.32
1236,2012-11-14,7095.68
1237,2012-11-15,39419.44
1238,2012-11-16,1633.24
1239,2012-11-19,1772.07
1240,2012-11-20,4636.25
1241,2012-11-21,5607.71
1242,2012-11-26,34653.77
1243,2012-11-27,5992.22
1244,2012-11-28,81366.38
1245,2012-11-29,13767.95
1246,2012-11-30,159601.85
1247,2012-12-03,174541.07
1248,2012-12-04,69852.7
1249,2012-12-05,73176.73
1250,2012-12-06,97582.81999999999
1251,2012-12-07,14623.93
1252,2012-12-10,6229.240000000001
1253,2012-12-11,11640.97
1254,2012-12-12,38495.439999999995
1255,2012-12-13,6939.360000000001
1256,2012-12-14,13560.210000000001
1257,2012-12-17,9252.01
1258,2012-12-18,12784.59
1259,2012-12-19,15496.93
1260,2012-12-20,16757.89
1261,2012-12-21,41366.8
1262,2012-12-26,8356.72
1263,2012-12-27,13333.150000000001
1264,2012-12-28,4198.79
1265,2013-01-02,16735.370000000003
1266,2013-01-03,14150.62
1267,2013-01-04,28760.59
1268,2013-01-07,9668.61
1269,2013-01-08,9833.83
1270,2013-01-09,13450.580000000002
1271,2013-01-10,20797.949999999997
1272,2013-01-11,8532.42
1273,2013-01-14,12089.25
1274,2013-01-15,11112.78
1275,2013-01-16,26276.640000000003
1276,2013-01-17,10643.27
1277,2013-01-18,10100.27
1278,2013-01-21,12559.890000000001
1279,2013-01-22,11969.01
1280,2013-01-23,11419.59
1281,2013-01-24,19080.73
1282,2013-01-25,20122.17
1283,2013-01-28,9894.07
1284,2013-01-29,32422.640000000003
1285,2013-01-30,24614.37
1286,2013-01-31,19524.469999999998
1287,2013-02-01,11612.050000000001
1288,2013-02-04,5817.88
1289,2013-02-05,9900.22
1290,2013-02-06,12073.130000000001
1291,2013-02-07,12350.76
1292,2013-02-08,11069.55
1293,2013-02-11,11574.699999999999
1294,2013-02-12,8398.82
1295,2013-02-13,5515.490000000001
1296,2013-02-14,9867.5
1297,2013-02-15,20547.260000000002
1298,2013-02-18,7514.889999999999
1299,2013-02-19,15616.769999999999
1300,2013-02-20,6321.91
1301,2013-02-21,14816.24
1302,2013-02-22,6567.18
1303,2013-02-25,6460.02
1304,2013-02-26,14891.849999999999
1305,2013-02-27,5137.7
1306,2013-02-28,13027.33
1307,2013-03-01,9362.150000000001
1308,2013-03-04,8147.049999999999
1309,2013-03-05,7062.64
1310,2013-03-06,5608.88
1311,2013-03-07,7712.42
1312,2013-03-08,4869.15
1313,2013-03-11,15502.529999999999
1314,2013-03-12,13128.880000000001
1315,2013-03-13,4486.97
1316,2013-03-14,36985.17
1317,2013-03-15,5032.88
1318,2013-03-18,9416.349999999999
1319,2013-03-19,14177.470000000001
1320,2013-03-20,6873.04
1321,2013-03-21,7030.72
1322,2013-03-22,13259.65
1323,2013-03-25,33887.54
1324,2013-03-26,32669.54
1325,2013-03-27,30405.209999999995
1326,2013-03-28,10830.74
1327,2013-03-29,1823.1299999999999
1328,2013-04-01,8835.67
1329,2013-04-02,5840.219999999999
1330,2013-04-03,19244.67
1331,2013-04-04,24152.21
1332,2013-04-05,7819.5
1333,2013-04-08,8313.78
1334,2013-04-09,14803.86
1335,2013-04-10,8110.78
1336,2013-04-11,5672.65
1337,2013-04-12,13547.169999999998
1338,2013-04-15,8605.91
1339,2013-04-16,11028.880000000001
1340,2013-04-17,9912.25
1341,2013-04-18,9895.23
1342,2013-04-19,8347.28
1343,2013-04-22,5341.37
1344,2013-04-23,8885.210000000001
1345,2013-04-24,6555.76
1346,2013-04-25,9641.68
1347,2013-04-26,7628.8
1348,2013-04-29,11094.33
1349,2013-04-30,12434.13
1350,2013-05-01,5268.41
1351,2013-05-02,5284.03
1352,2013-05-03,754.9500000000003
1353,2013-05-06,7516.7300000000005
1354,2013-05-07,4201.0
1355,2013-05-08,3878.53
1356,2013-05-09,7991.6
1357,2013-05-10,7196.469999999999
1358,2013-05-13,5805.67
1359,2013-05-14,15569.39
1360,2013-05-15,11496.43
1361,2013-05-16,6022.08
1362,2013-05-17,13471.14
1363,2013-05-20,6240.44
1364,2013-05-21,18059.64
1365,2013-05-22,5781.509999999999
1366,2013-05-23,8304.380000000001
1367,2013-05-24,5975.54
1368,2013-05-28,5810.129999999999
1369,2013-05-29,48361.13
1370,2013-05-30,6361.400000000001
1371,2013-05-31,13634.279999999999
1372,2013-06-03,15739.41
1373,2013-06-04,3968.0600000000004
1374,2013-06-05,4093.2300000000005
1375,2013-06-06,13408.42
1376,2013-06-07,16626.74
1377,2013-06-10,19388.11
1378,2013-06-11,10955.35
1379,2013-06-12,5588.08
1380,2013-06-13,7428.4
1381,2013-06-14,8014.49
1382,2013-06-17,6886.08
1383,2013-06-18,9096.710000000001
1384,2013-06-19,5364.54
1385,2013-06-20,2744.0
1386,2013-06-21,3720.0600000000004
1387,2013-06-24,19554.23
1388,2013-06-25,6584.289999999999
1389,2013-06-26,7243.08
1390,2013-06-27,4006.58
1391,2013-06-28,5862.299999999999
1392,2013-07-01,7709.41
1393,2013-07-02,8235.13
1394,2013-07-03,6915.7699999999995
1395,2013-07-08,6819.0
1396,2013-07-09,9798.220000000001
1397,2013-07-10,5003.51
1398,2013-07-11,7045.43
1399,2013-07-12,2574.28
1400,2013-07-15,7181.15
1401,2013-07-16,3987.2799999999997
1402,2013-07-17,7822.03
1403,2013-07-18,5867.219999999999
1404,2013-07-19,4998.87
1405,2013-07-22,6786.5
1406,2013-07-23,5194.06
1407,2013-07-24,7330.900000000001
1408,2013-07-25,6354.47
1409,2013-07-26,4400.75
1410,2013-07-29,8105.67
1411,2013-07-30,5302.299999999999
1412,2013-07-31,9778.25
1413,2013-08-01,7232.1900000000005
1414,2013-08-02,3159.3999999999996
1415,2013-08-05,3101.39
1416,2013-08-06,6533.4
1417,2013-08-07,8691.18
1418,2013-08-08,5255.610000000001
1419,2013-08-09,6143.3
1420,2013-08-12,5280.94
1421,2013-08-13,2338.5
1422,2013-08-14,5161.97
1423,2013-08-15,6265.15
1424,2013-08-16,7029.139999999999
1425,2013-08-19,9206.14
1426,2013-08-20,9685.99
1427,2013-08-21,4589.74
1428,2013-08-22,10435.019999999999
1429,2013-08-23,5937.79
1430,2013-08-26,5724.57
1431,2013-08-27,4249.01
1432,2013-08-28,5125.02
1433,2013-08-29,6073.11
1434,2013-08-30,9154.69
1435,2013-09-03,3313.41
1436,2013-09-04,4306.4
1437,2013-09-05,4762.41
1438,2013-09-06,3712.9700000000003
1439,2013-09-09,8332.61
1440,2013-09-10,10285.67
1441,2013-09-11,7907.9400000000005
1442,2013-09-12,6044.82
1443,2013-09-13,9899.17
1444,2013-09-16,7011.26
1445,2013-09-17,6395.139999999999
1446,2013-09-18,5880.38
1447,2013-09-19,12488.650000000001
1448,2013-09-20,3871.26
1449,2013-09-23,6217.039999999999
1450,2013-09-24,4155.9
1451,2013-09-25,3783.16
1452,2013-09-26,3706.5000000000005
1453,2013-09-27,7213.699999999999
1454,2013-09-30,5651.12
1455,2013-10-01,2980.64
1456,2013-10-02,3970.64
1457,2013-10-03,8221.119999999999
1458,2013-10-04,6074.18
1459,2013-10-07,10306.95
1460,2013-10-08,6060.66
1461,2013-10-09,4355.81
1462,2013-10-10,5359.030000000001
1463,2013-10-11,1544.88
1464,2013-10-14,6226.129999999999
1465,2013-10-15,7139.079999999999
1466,2013-10-16,6825.07
1467,2013-10-17,4514.84
1468,2013-10-18,20404.88
1469,2013-10-21,3032.7500000000005
1470,2013-10-22,6235.4400000000005
1471,2013-10-23,3512.4399999999996
1472,2013-10-24,6454.43
1473,2013-10-25,5697.77
1474,2013-10-28,14831.599999999999
1475,2013-10-29,20587.83
1476,2013-10-30,7180.64
1477,2013-10-31,6905.66
1478,2013-11-01,2617.45
1479,2013-11-04,4772.63
1480,2013-11-05,2304.13
1481,2013-11-06,5793.13
1482,2013-11-07,3997.56
1483,2013-11-08,12548.919999999998
1484,2013-11-11,644.3999999999996
1485,2013-11-12,4441.57
1486,2013-11-13,7664.089999999999
1487,2013-11-14,1316.12
1488,2013-11-15,60137.46000000001
1489,2013-11-18,8295.16
1490,2013-11-19,31745.089999999997
1491,2013-11-20,42827.92
1492,2013-11-21,19664.589999999997
1493,2013-11-22,41259.31
1494,2013-11-25,14493.54
1495,2013-11-26,7931.68
1496,2013-11-27,51956.840000000004
1497,2013-12-02,5130.78
1498,2013-12-03,16057.679999999998
1499,2013-12-04,9209.43
1500,2013-12-05,24756.989999999998
1501,2013-12-06,17218.5
1502,2013-12-09,6130.46
1503,2013-12-10,1895.69
1504,2013-12-11,16208.07
1505,2013-12-12,10466.470000000001
1506,2013-12-13,12262.65
1507,2013-12-16,2356.7
1508,2013-12-17,6065.78
1509,2013-12-18,3581.9700000000003
1510,2013-12-19,20237.339999999997
1511,2013-12-20,20078.999999999996
1512,2013-12-23,12592.04
1513,2013-12-24,1461.95
1514,2013-12-26,6528.18
1515,2013-12-27,4402.76
1516,2013-12-30,18825.16
1517,2013-12-31,6168.63
1518,2014-01-02,10872.07
1519,2014-01-03,14751.18
1520,2014-01-06,3637.59
1521,2014-01-07,7087.7699999999995
1522,2014-01-08,12140.93
1523,2014-01-09,12573.220000000001
1524,2014-01-10,11470.2
1525,2014-01-13,19030.93
1526,2014-01-14,6508.47
1527,2014-01-15,7351.15
1528,2014-01-16,5289.3
1529,2014-01-17,12218.22
1530,2014-01-20,14861.77
1531,2014-01-21,5112.6
1532,2014-01-22,24881.700000000004
1533,2014-01-23,10888.8
1534,2014-01-24,9143.02
1535,2014-01-27,10241.769999999999
1536,2014-01-28,8016.57
1537,2014-01-29,4324.799999999999
1538,2014-01-30,5859.35
1539,2014-01-31,10558.82
1540,2014-02-03,2681.17
1541,2014-02-04,7763.9800000000005
1542,2014-02-05,8438.36
1543,2014-02-06,10919.26
1544,2014-02-07,2596.54
1545,2014-02-10,7921.76
1546,2014-02-11,2561.74
1547,2014-02-12,4747.8
1548,2014-02-13,530.5799999999999
1549,2014-02-14,8881.8
1550,2014-02-16,296.0
1551,2014-02-17,3517.24
1552,2014-02-18,7202.62
1553,2014-02-19,16487.120000000003
1554,2014-02-20,4419.26
1555,2014-02-21,4021.7900000000004
1556,2014-02-24,13168.81
1557,2014-02-25,8521.59
1558,2014-02-26,4189.63
1559,2014-02-27,11737.99
1560,2014-02-28,20359.04
1561,2014-03-03,21167.510000000002
1562,2014-03-04,7540.7699999999995
1563,2014-03-05,7237.06
1564,2014-03-06,11581.689999999999
1565,2014-03-07,5704.45
1566,2014-03-10,7755.5
1567,2014-03-11,5442.17
1568,2014-03-12,8875.4
1569,2014-03-13,8148.12
1570,2014-03-14,13759.85
1571,2014-03-17,13280.11
1572,2014-03-18,5123.22
1573,2014-03-19,10656.480000000001
1574,2014-03-20,5301.49
1575,2014-03-21,4830.74
1576,2014-03-24,15044.88
1577,2014-03-25,10575.87
1578,2014-03-26,7077.339999999999
1579,2014-03-27,35895.020000000004
1580,2014-03-28,45479.95
1581,2014-03-31,6307.37
1582,2014-04-01,12396.7
1583,2014-04-02,10397.650000000001
1584,2014-04-03,10944.9
1585,2014-04-04,9918.55
1586,2014-04-07,4365.06
1587,2014-04-08,5680.52
1588,2014-04-09,3774.45
1589,2014-04-10,12404.45
1590,2014-04-11,5505.639999999999
1591,2014-04-14,11053.029999999999
1592,2014-04-15,12578.17
1593,2014-04-16,6107.200000000001
1594,2014-04-17,6254.3
1595,2014-04-18,984.4
1596,2014-04-21,8030.0
1597,2014-04-22,6612.34
1598,2014-04-23,8021.9400000000005
1599,2014-04-24,10751.599999999999
1600,2014-04-25,5110.39
1601,2014-04-28,5821.709999999999
1602,2014-04-29,5645.54
1603,2014-04-30,18673.54
1604,2014-05-01,9202.79
1605,2014-05-02,5986.630000000001
1606,2014-05-05,5137.84
1607,2014-05-06,3934.5
1608,2014-05-07,12679.35
1609,2014-05-08,6786.49
1610,2014-05-09,16781.88
1611,2014-05-12,7993.32
1612,2014-05-13,7586.299999999999
1613,2014-05-14,22909.519999999997
1614,2014-05-15,8456.63
1615,2014-05-16,10800.630000000001
1616,2014-05-19,19773.95
1617,2014-05-20,4020.7
1618,2014-05-21,6596.66
1619,2014-05-22,34523.64
1620,2014-05-23,5497.49
1621,2014-05-27,4737.4
1622,2014-05-28,14493.630000000001
1623,2014-05-29,4565.07
1624,2014-05-30,5561.7
1625,2014-06-02,8791.11
1626,2014-06-03,7894.839999999999
1627,2014-06-04,6300.1900000000005
1628,2014-06-05,4349.360000000001
1629,2014-06-06,3102.92
1630,2014-06-09,10369.630000000001
1631,2014-06-10,11236.56
1632,2014-06-11,8174.35
1633,2014-06-12,38452.24
1634,2014-06-13,5792.29
1635,2014-06-16,4718.29
1636,2014-06-17,3258.92
1637,2014-06-18,7761.23
1638,2014-06-19,4260.849999999999
1639,2014-06-20,1398.51
1640,2014-06-23,3364.66
1641,2014-06-24,7800.040000000001
1642,2014-06-25,10068.15
1643,2014-06-26,5080.86
1644,2014-06-27,6469.200000000001
1645,2014-06-30,6149.9800000000005
1646,2014-07-01,4617.639999999999
1647,2014-07-02,7914.71
1648,2014-07-03,4216.88
1649,2014-07-07,8787.69
1650,2014-07-08,2941.6299999999997
1651,2014-07-09,6029.969999999999
1652,2014-07-10,50440.19
1653,2014-07-11,4750.62
1654,2014-07-14,9014.99
1655,2014-07-15,5250.17
1656,2014-07-16,5693.139999999999
1657,2014-07-17,9791.77
1658,2014-07-18,3930.9700000000003
1659,2014-07-21,5577.34
1660,2014-07-22,4020.67
1661,2014-07-23,4920.819999999999
1662,2014-07-24,5328.66
1663,2014-07-25,3265.5299999999997
1664,2014-07-28,8255.800000000001
1665,2014-07-29,6439.57
1666,2014-07-30,5892.200000000001
1667,2014-07-31,4814.49
1668,2014-08-01,7796.07
1669,2014-08-04,3725.03
1670,2014-08-05,8258.75
1671,2014-08-06,10007.67
1672,2014-08-07,5696.2300000000005
1673,2014-08-08,4151.32
1674,2014-08-11,6171.9
1675,2014-08-12,7610.2699999999995
1676,2014-08-13,3748.3700000000003
1677,2014-08-14,5039.75
1678,2014-08-15,6049.42
1679,2014-08-18,7513.49
1680,2014-08-19,6329.12
1681,2014-08-20,9829.09
1682,2014-08-21,2938.7999999999997
1683,2014-08-22,5636.73
1684,2014-08-25,11164.58
1685,2014-08-26,21334.75
1686,2014-08-27,6327.860000000001
1687,2014-08-28,7902.8099999999995
1688,2014-08-29,8024.39
1689,2014-09-02,3760.62
1690,2014-09-03,2436.33
1691,2014-09-04,7706.79
1692,2014-09-05,3415.29
1693,2014-09-08,10082.12
1694,2014-09-09,5620.85
1695,2014-09-10,6653.79
1696,2014-09-11,9638.91
1697,2014-09-12,13970.86
1698,2014-09-15,4939.139999999999
1699,2014-09-16,6180.21
1700,2014-09-17,2601.92
1701,2014-09-18,5408.47
1702,2014-09-19,4139.9
1703,2014-09-22,6145.409999999999
1704,2014-09-23,4351.780000000001
1705,2014-09-24,5805.79
1706,2014-09-25,8594.439999999999
1707,2014-09-26,4481.9
1708,2014-09-29,1255.85
1709,2014-09-30,10258.3
1710,2014-10-01,7891.77
1711,2014-10-02,6791.54
1712,2014-10-03,11867.019999999997
1713,2014-10-06,7655.91
1714,2014-10-07,3277.27
1715,2014-10-08,2239.89
1716,2014-10-09,5426.0
1717,2014-10-10,5102.76
1718,2014-10-13,3141.09
1719,2014-10-14,3902.1
1720,2014-10-15,11401.98
1721,2014-10-16,4731.55
1722,2014-10-17,8280.869999999999
1723,2014-10-20,1852.9
1724,2014-10-21,10138.23
1725,2014-10-22,5181.65
1726,2014-10-23,3581.62
1727,2014-10-24,3491.65
1728,2014-10-27,9070.09
1729,2014-10-28,5749.79
1730,2014-10-29,5452.35
1731,2014-10-30,15443.279999999999
1732,2014-10-31,4031.7099999999996
1733,2014-11-03,7755.089999999999
1734,2014-11-04,5001.0599999999995
1735,2014-11-05,8741.5
1736,2014-11-06,12228.17
1737,2014-11-07,4113.639999999999
1738,2014-11-10,12491.34
1739,2014-11-11,50915.65
1740,2014-11-12,18812.28
1741,2014-11-13,24459.84
1742,2014-11-14,38327.35
1743,2014-11-17,8871.85
1744,2014-11-18,5346.679999999999
1745,2014-11-19,16479.62
1746,2014-11-20,37935.24999999999
1747,2014-11-21,15638.759999999998
1748,2014-11-24,6391.35
1749,2014-11-25,4449.01
1750,2014-11-26,8030.610000000001
1751,2014-12-01,9098.06
1752,2014-12-02,3507.26
1753,2014-12-03,6345.58
1754,2014-12-04,5134.05
1755,2014-12-05,6970.040000000001
1756,2014-12-08,9628.31
1757,2014-12-09,3251.95
1758,2014-12-10,10862.41
1759,2014-12-11,61892.52
1760,2014-12-12,88650.91
1761,2014-12-15,61657.73
1762,2014-12-16,19742.63
1763,2014-12-17,13990.160000000002
1764,2014-12-18,8951.460000000001
1765,2014-12-19,9305.22
1766,2014-12-22,8809.5
1767,2014-12-23,6954.91
1768,2014-12-24,5691.41
1769,2014-12-29,9373.150000000001
1770,2014-12-30,27169.89
1771,2014-12-31,3272.9
1772,2015-01-02,6488.8099999999995
1773,2015-01-05,15046.55
1774,2015-01-06,16627.14
1775,2015-01-07,25107.93
1776,2015-01-08,11966.960000000001
1777,2015-01-09,14128.57
1778,2015-01-12,21311.86
1779,2015-01-13,20778.34
1780,2015-01-14,11452.91
1781,2015-01-15,19764.82
1782,2015-01-16,19673.35
1783,2015-01-19,11911.630000000001
1784,2015-01-20,15238.93
1785,2015-01-21,15155.599999999999
1786,2015-01-22,13647.28
1787,2015-01-23,17144.37
1788,2015-01-26,3962.84
1789,2015-01-27,21638.64
1790,2015-01-28,19617.969999999998
1791,2015-01-29,11723.32
1792,2015-01-30,18212.46
1793,2015-02-02,8622.9
1794,2015-02-03,3317.0299999999997
1795,2015-02-04,10201.82
1796,2015-02-05,7685.200000000001
1797,2015-02-06,19679.809999999998
1798,2015-02-09,2312.71
1799,2015-02-10,9324.42
1800,2015-02-11,10877.51
1801,2015-02-12,13636.279999999999
1802,2015-02-13,21474.94
1803,2015-02-16,10504.98
1804,2015-02-17,21604.43
1805,2015-02-18,13709.6
1806,2015-02-19,34015.5
1807,2015-02-20,12591.52
1808,2015-02-23,12460.91
1809,2015-02-24,9197.0
1810,2015-02-25,9458.12
1811,2015-02-26,11001.32
1812,2015-02-27,7371.18
1813,2015-03-02,12446.34
1814,2015-03-03,10497.33
1815,2015-03-04,33872.36
1816,2015-03-05,14145.890000000001
1817,2015-03-06,6232.93
1818,2015-03-09,3507.92
1819,2015-03-10,36390.83
1820,2015-03-11,8891.77
1821,2015-03-12,8344.14
1822,2015-03-13,7509.72
1823,2015-03-16,15887.47
1824,2015-03-17,15447.46
1825,2015-03-18,19347.91
1826,2015-03-19,7839.31
1827,2015-03-20,9604.96
1828,2015-03-23,5053.28
1829,2015-03-24,10965.84
1830,2015-03-25,6736.67
1831,2015-03-26,6676.030000000001
1832,2015-03-27,12527.349999999999
1833,2015-03-30,6046.610000000001
1834,2015-03-31,12919.67
1835,2015-04-01,19912.510000000002
1836,2015-04-02,5307.610000000001
1837,2015-04-03,1027.07
1838,2015-04-06,5026.75
1839,2015-04-07,22966.27
1840,2015-04-08,34472.51
1841,2015-04-09,8333.2
1842,2015-04-10,27695.89
1843,2015-04-13,8462.630000000001
1844,2015-04-14,12890.609999999999
1845,2015-04-15,169869.74
1846,2015-04-16,23251.699999999997
1847,2015-04-17,9800.0
1848,2015-04-20,11310.06
1849,2015-04-21,16666.55
1850,2015-04-22,10335.72
1851,2015-04-23,5407.2699999999995
1852,2015-04-24,4329.24
1853,2015-04-27,4202.77
1854,2015-04-28,5421.219999999999
1855,2015-04-29,9663.380000000001
1856,2015-04-30,11117.94
1857,2015-05-01,8838.650000000001
1858,2015-05-04,8575.51
1859,2015-05-05,8223.58
1860,2015-05-06,4250.69
1861,2015-05-07,11418.66
1862,2015-05-08,6251.51
1863,2015-05-11,4516.5599999999995
1864,2015-05-12,19596.329999999998
1865,2015-05-13,9930.15
1866,2015-05-14,20405.739999999998
1867,2015-05-15,4741.26
1868,2015-05-18,11724.61
1869,2015-05-19,7526.77
1870,2015-05-20,6602.22
1871,2015-05-21,9646.79
1872,2015-05-22,9310.52
1873,2015-05-26,6613.92
1874,2015-05-27,8075.13
1875,2015-05-28,19283.77
1876,2015-05-29,7231.46
1877,2015-06-01,608.52
1878,2015-06-02,1277.64
1879,2015-06-03,12056.75
1880,2015-06-04,8524.57
1881,2015-06-05,5607.24
1882,2015-06-08,5570.84
1883,2015-06-09,3155.6899999999996
1884,2015-06-10,5505.18
1885,2015-06-11,2045.21
1886,2015-06-12,7740.88
1887,2015-06-15,2810.07
1888,2015-06-16,2222.34
1889,2015-06-17,4282.58
1890,2015-06-18,10451.47
1891,2015-06-19,5295.63
1892,2015-06-20,2992.92
1893,2015-06-22,6644.23
1894,2015-06-23,12464.82
1895,2015-06-24,1634.88
1896,2015-06-25,6182.91
1897,2015-06-26,1637.35
1898,2015-06-27,316.36
1899,2015-06-29,8320.11
1900,2015-06-30,10225.150000000001
1901,2015-07-01,1258.7399999999998
1902,2015-07-02,6138.68
1903,2015-07-03,33.0
1904,2015-07-06,3510.4200000000005
1905,2015-07-07,7784.379999999999
1906,2015-07-08,4658.96
1907,2015-07-09,3289.69
1908,2015-07-10,1671.8899999999999
1909,2015-07-11,219.19
1910,2015-07-13,5179.32
1911,2015-07-14,9150.9
1912,2015-07-15,3946.21
1913,2015-07-16,2005.55
1914,2015-07-17,4563.469999999999
1915,2015-07-18,4931.59
1916,2015-07-20,3960.56
1917,2015-07-21,9577.36
1918,2015-07-22,1640.94
1919,2015-07-23,3460.51
1920,2015-07-24,3827.5299999999997
1921,2015-07-25,443.75
1922,2015-07-27,3109.99
1923,2015-07-28,7840.75
1924,2015-07-29,4444.34
1925,2015-07-30,8775.630000000001
1926,2015-07-31,2943.07
1927,2015-08-03,9070.869999999999
1928,2015-08-04,1247.43
1929,2015-08-05,4469.16
1930,2015-08-06,4640.450000000001
1931,2015-08-07,4756.549999999999
1932,2015-08-10,9722.32
1933,2015-08-11,6616.92
1934,2015-08-12,5334.6900000000005
1935,2015-08-13,8205.880000000001
1936,2015-08-14,6428.49
1937,2015-08-17,8279.869999999999
1938,2015-08-18,3335.66
1939,2015-08-19,8096.73
1940,2015-08-20,5155.879999999999
1941,2015-08-21,11683.98
1942,2015-08-24,3242.33
1943,2015-08-25,10353.55
1944,2015-08-26,12279.119999999999
1945,2015-08-27,5312.31
1946,2015-08-28,3534.5200000000004
1947,2015-09-01,8625.65
1948,2015-09-02,-565.25
1949,2015-09-03,2016.57
1950,2015-09-04,6021.39
1951,2015-09-08,2996.5
1952,2015-09-09,9458.289999999999
1953,2015-09-10,6450.3
1954,2015-09-11,6094.42
1955,2015-09-14,7250.49
1956,2015-09-15,2068.1099999999997
1957,2015-09-16,6188.200000000001
1958,2015-09-17,4877.61
1959,2015-09-18,3853.29
1960,2015-09-19,2758.9
1961,2015-09-21,3871.39
1962,2015-09-22,3897.6
1963,2015-09-23,7021.54
1964,2015-09-24,2881.4
1965,2015-09-25,7351.1
1966,2015-09-28,4461.5
1967,2015-09-29,6017.26
1968,2015-09-30,3449.46
1969,2015-10-01,8579.65
1970,2015-10-02,12069.550000000001
1971,2015-10-05,3196.1100000000006
1972,2015-10-06,3682.33
1973,2015-10-07,19606.26
1974,2015-10-08,4121.75
1975,2015-10-09,1704.51
1976,2015-10-12,1623.47
1977,2015-10-13,7132.6
1978,2015-10-14,9422.42
1979,2015-10-15,2277.33
1980,2015-10-16,11495.34
1981,2015-10-19,9554.67
1982,2015-10-20,4921.9800000000005
1983,2015-10-21,3842.9700000000003
1984,2015-10-22,3991.7
1985,2015-10-23,5133.55
1986,2015-10-24,298.5
1987,2015-10-26,3259.68
1988,2015-10-27,5143.0
1989,2015-10-28,2432.16
1990,2015-10-29,6344.3099999999995
1991,2015-10-30,3363.88
1992,2015-11-02,3398.2700000000004
1993,2015-11-03,4159.54
1994,2015-11-04,3925.6800000000003
1995,2015-11-05,302.06
1996,2015-11-06,4417.889999999999
1997,2015-11-09,5817.51
1998,2015-11-10,6125.219999999999
1999,2015-11-11,3803.0
2000,2015-11-12,14114.380000000001
2001,2015-11-13,25130.820000000003
2002,2015-11-16,16708.59
2003,2015-11-17,5816.670000000001
2004,2015-11-18,49875.409999999996
2005,2015-11-19,18023.39
2006,2015-11-20,27093.670000000002
2007,2015-11-23,32211.35
2008,2015-11-24,7693.870000000001
2009,2015-11-25,10673.9
2010,2015-11-30,5055.59
2011,2015-12-01,3013.8199999999997
2012,2015-12-02,3711.5099999999998
2013,2015-12-03,6751.3
2014,2015-12-04,-454.5500000000002
2015,2015-12-07,5876.14
2016,2015-12-08,5945.4400000000005
2017,2015-12-09,13238.92
2018,2015-12-10,10744.07
2019,2015-12-11,13036.0
2020,2015-12-14,15484.73
2021,2015-12-15,6939.62
2022,2015-12-16,11393.800000000001
2023,2015-12-17,27203.94
2024,2015-12-18,39676.280000000006
2025,2015-12-21,39443.119999999995
2026,2015-12-22,15235.48
2027,2015-12-23,15869.599999999999
2028,2015-12-28,9410.69
2029,2015-12-29,15903.02
2030,2015-12-30,39722.82
2031,2015-12-31,13890.04
2032,2016-01-04,10895.36
2033,2016-01-05,14862.21
2034,2016-01-06,24899.73
2035,2016-01-07,22917.9
2036,2016-01-08,16226.89
2037,2016-01-11,21770.07
2038,2016-01-12,22581.659999999996
2039,2016-01-13,16530.35
2040,2016-01-14,13543.85
2041,2016-01-15,15258.399999999998
2042,2016-01-18,12647.82
2043,2016-01-19,11417.55
2044,2016-01-20,7473.170000000001
2045,2016-01-21,12299.7
2046,2016-01-22,13556.4
2047,2016-01-25,11174.8
2048,2016-01-26,6872.610000000001
2049,2016-01-27,11930.7
2050,2016-01-28,7271.7
2051,2016-01-29,15274.94
2052,2016-02-01,8841.54
2053,2016-02-02,11363.48
2054,2016-02-03,25352.260000000002
2055,2016-02-04,7432.75
2056,2016-02-05,14052.130000000001
2057,2016-02-08,3161.06
2058,2016-02-09,9283.189999999999
2059,2016-02-10,8477.83
2060,2016-02-11,8561.240000000002
2061,2016-02-12,12119.07
2062,2016-02-15,8301.55
2063,2016-02-16,4288.38
2064,2016-02-17,17632.28
2065,2016-02-18,11297.359999999999
2066,2016-02-19,9107.26
2067,2016-02-22,9621.0
2068,2016-02-23,7609.72
2069,2016-02-24,30645.030000000002
2070,2016-02-25,11050.86
2071,2016-02-26,8940.189999999999
2072,2016-02-29,9861.4
2073,2016-03-01,4922.98
2074,2016-03-02,12187.980000000001
2075,2016-03-03,9011.029999999999
2076,2016-03-04,2272.84
2077,2016-03-07,3271.52
2078,2016-03-08,2909.6900000000005
2079,2016-03-09,7647.400000000001
2080,2016-03-10,4820.2
2081,2016-03-11,35618.08
2082,2016-03-14,2853.38
2083,2016-03-15,11017.74
2084,2016-03-16,3435.84
2085,2016-03-17,25875.16
2086,2016-03-18,24158.17
2087,2016-03-21,11149.5
2088,2016-03-22,11123.08
2089,2016-03-23,7570.36
2090,2016-03-24,9909.14
2091,2016-03-25,515.58
2092,2016-03-28,5788.45
2093,2016-03-29,11955.49
2094,2016-03-30,2771.26
2095,2016-03-31,30608.840000000004
2096,2016-04-01,19107.03
2097,2016-04-04,7318.179999999999
2098,2016-04-05,20403.77
2099,2016-04-06,23267.2
2100,2016-04-07,23172.559999999998
2101,2016-04-08,9852.380000000001
2102,2016-04-11,4147.07
2103,2016-04-12,15254.82
2104,2016-04-13,13981.849999999999
2105,2016-04-14,30386.12
2106,2016-04-15,3050.88
2107,2016-04-18,8814.17
2108,2016-04-19,7755.47
2109,2016-04-20,10272.2
2110,2016-04-21,4299.35
2111,2016-04-22,4696.09
2112,2016-04-25,8964.7
2113,2016-04-26,-297.07000000000016
2114,2016-04-27,5518.629999999999
2115,2016-04-28,7818.6
2116,2016-04-29,8255.57
2117,2016-05-02,1258.7
2118,2016-05-03,3989.83
2119,2016-05-04,4732.08
2120,2016-05-05,5607.200000000001
2121,2016-05-06,19073.12
2122,2016-05-09,6360.01
2123,2016-05-10,47627.82
2124,2016-05-11,14270.119999999999
2125,2016-05-12,7969.200000000001
2126,2016-05-13,5824.530000000001
2127,2016-05-16,2566.79
2128,2016-05-17,12069.46
2129,2016-05-18,4565.32
2130,2016-05-19,10208.25
2131,2016-05-20,9037.41
2132,2016-05-23,7599.98
2133,2016-05-24,9517.5
2134,2016-05-25,5703.82
2135,2016-05-26,29751.43
2136,2016-05-27,6055.7
2137,2016-05-31,11626.6
2138,2016-06-01,2662.0
2139,2016-06-02,11295.619999999999
2140,2016-06-03,3254.0
2141,2016-06-06,4903.360000000001
2142,2016-06-07,7824.13
2143,2016-06-08,12734.41
2144,2016-06-09,43886.07
2145,2016-06-10,21094.31
2146,2016-06-11,0.0
2147,2016-06-13,14048.41
2148,2016-06-14,5764.1900000000005
2149,2016-06-15,10787.89
2150,2016-06-16,5961.41
2151,2016-06-17,8442.47
2152,2016-06-20,15653.119999999999
2153,2016-06-21,34595.159999999996
2154,2016-06-22,13079.51
2155,2016-06-23,14588.77
2156,2016-06-24,64565.32
2157,2016-06-25,27566.56
2158,2016-06-27,34825.19
2159,2016-06-28,136511.5
2160,2016-06-29,15622.18
2161,2016-06-30,77173.17
2162,2016-07-01,10267.0
2163,2016-07-05,10782.509999999998
2164,2016-07-06,22774.96
2165,2016-07-07,49258.92
2166,2016-07-08,23306.81
2167,2016-07-11,6557.51
2168,2016-07-12,12897.43
2169,2016-07-13,7133.9400000000005
2170,2016-07-14,7357.85
2171,2016-07-15,20870.22
2172,2016-07-18,8279.3
2173,2016-07-19,18278.52
2174,2016-07-20,14363.4
2175,2016-07-21,26091.36
2176,2016-07-22,4484.5
2177,2016-07-25,6309.44
2178,2016-07-26,7849.39
2179,2016-07-27,25510.800000000003
2180,2016-07-28,4315.35
2181,2016-07-29,11683.53
2182,2016-07-31,1305.5
2183,2016-08-01,3132.12
2184,2016-08-02,5225.869999999999
2185,2016-08-03,3920.67
2186,2016-08-04,4948.0599999999995
2187,2016-08-05,4397.469999999999
2188,2016-08-08,6734.36
2189,2016-08-09,4310.83
2190,2016-08-10,9738.470000000001
2191,2016-08-11,3827.89
2192,2016-08-12,14772.19
2193,2016-08-15,3552.23
2194,2016-08-16,7280.8
2195,2016-08-17,2033.79
2196,2016-08-18,3109.6400000000003
2197,2016-08-19,7580.15
2198,2016-08-22,26974.55
2199,2016-08-23,4851.12
2200,2016-08-24,5784.159999999999
2201,2016-08-25,7289.5599999999995
2202,2016-08-26,307.4100000000001
2203,2016-08-29,1826.8
2204,2016-08-30,4315.62
2205,2016-08-31,6519.63
2206,2016-09-01,7892.76
2207,2016-09-02,9600.48
2208,2016-09-06,4500.49
2209,2016-09-07,5707.14
2210,2016-09-08,10597.2
2211,2016-09-09,4098.91
2212,2016-09-12,7528.26
2213,2016-09-13,18954.57
2214,2016-09-14,3715.91
2215,2016-09-15,6920.99
2216,2016-09-16,4146.389999999999
2217,2016-09-19,3542.67
2218,2016-09-20,12108.45
2219,2016-09-21,-2060.6899999999996
2220,2016-09-22,3658.34
2221,2016-09-23,7331.759999999999
2222,2016-09-26,2425.38
2223,2016-09-27,3333.75
2224,2016-09-28,55540.54
2225,2016-09-29,12333.24
2226,2016-09-30,26440.89
2227,2016-10-03,6984.75
2228,2016-10-04,4949.59
2229,2016-10-05,7894.8
2230,2016-10-06,2660.03
2231,2016-10-07,15378.51
2232,2016-10-08,905.78
2233,2016-10-10,32138.160000000003
2234,2016-10-11,31800.68
2235,2016-10-12,13177.310000000001
2236,2016-10-13,7978.96
2237,2016-10-14,12601.11
2238,2016-10-16,0.0
2239,2016-10-17,22460.260000000002
2240,2016-10-18,14600.47
2241,2016-10-19,13451.59
2242,2016-10-20,6050.15
2243,2016-10-21,12063.519999999999
2244,2016-10-24,15033.02
2245,2016-10-25,31729.32
2246,2016-10-26,8642.44
2247,2016-10-27,6600.63
2248,2016-10-28,7403.01
2249,2016-10-31,5347.780000000001
2250,2016-11-01,3157.76
2251,2016-11-02,14431.22
2252,2016-11-03,52230.29
2253,2016-11-04,66672.85
2254,2016-11-07,44242.88999999999
2255,2016-11-08,12356.49
2256,2016-11-09,14986.39
2257,2016-11-10,16759.96
2258,2016-11-11,35321.12
2259,2016-11-14,6265.59
2260,2016-11-15,21203.1
2261,2016-11-16,14719.580000000002
2262,2016-11-17,28274.32
2263,2016-11-18,17620.35
2264,2016-11-21,34759.829999999994
2265,2016-11-22,23273.1
2266,2016-11-23,28600.42
2267,2016-11-28,68680.86000000002
2268,2016-11-29,14036.87
2269,2016-11-30,38766.35
2270,2016-12-01,31987.68
2271,2016-12-02,11774.73
2272,2016-12-05,9604.640000000001
2273,2016-12-06,24177.319999999996
2274,2016-12-07,22191.56
2275,2016-12-08,24468.36
2276,2016-12-09,24760.9
2277,2016-12-12,34777.62
2278,2016-12-13,884.5499999999996
2279,2016-12-14,26160.059999999998
2280,2016-12-15,30340.0
2281,2016-12-16,26274.960000000003
2282,2016-12-19,18911.31
2283,2016-12-20,10063.400000000001
2284,2016-12-21,15525.869999999999
2285,2016-12-22,9593.849999999999
2286,2016-12-27,23293.969999999998
2287,2016-12-28,4941.24
2288,2016-12-29,14210.410000000002
2289,2016-12-30,8848.83
2290,2016-12-31,3011.74
2291,2017-01-03,22905.46
2292,2017-01-04,22961.949999999997
2293,2017-01-05,64044.409999999996
2294,2017-01-06,35190.02
2295,2017-01-09,12309.2
2296,2017-01-10,43290.450000000004
2297,2017-01-11,25352.95
2298,2017-01-12,37607.829999999994
2299,2017-01-13,43458.950000000004
2300,2017-01-16,15273.72
2301,2017-01-17,9834.65
2302,2017-01-18,4060.2299999999996
2303,2017-01-19,25543.85
2304,2017-01-20,27815.559999999998
2305,2017-01-23,29579.53
2306,2017-01-24,12996.26
2307,2017-01-25,16711.7
2308,2017-01-26,28753.64
2309,2017-01-27,11828.380000000001
2310,2017-01-30,8171.92
2311,2017-01-31,13179.29
2312,2017-02-01,14896.199999999999
2313,2017-02-02,13809.76
2314,2017-02-03,10583.28
2315,2017-02-04,5911.14
2316,2017-02-06,15192.55
2317,2017-02-07,16906.940000000002
2318,2017-02-08,13076.97
2319,2017-02-09,15665.949999999999
2320,2017-02-10,14833.91
2321,2017-02-13,12321.33
2322,2017-02-14,14553.78
2323,2017-02-15,20224.36
2324,2017-02-16,39486.979999999996
2325,2017-02-17,27992.03
2326,2017-02-20,15451.470000000001
2327,2017-02-21,10420.51
2328,2017-02-22,24728.579999999998
2329,2017-02-23,30786.199999999997
2330,2017-02-24,12201.76
2331,2017-02-27,11045.369999999999
2332,2017-02-28,19514.78
2333,2017-03-01,9195.300000000001
2334,2017-03-02,13624.65
2335,2017-03-03,15729.579999999998
2336,2017-03-06,8915.07
2337,2017-03-07,15474.08
2338,2017-03-08,8200.1
2339,2017-03-09,10313.029999999999
2340,2017-03-10,15983.39
2341,2017-03-13,26827.72
2342,2017-03-14,19823.81
2343,2017-03-15,19174.58
2344,2017-03-16,29551.869999999995
2345,2017-03-17,14917.74
2346,2017-03-20,14270.03
2347,2017-03-21,14820.529999999999
2348,2017-03-22,3627.37
2349,2017-03-23,13177.75
2350,2017-03-24,9321.170000000002
2351,2017-03-27,8330.59
2352,2017-03-28,9864.880000000001
2353,2017-03-29,44364.18
2354,2017-03-30,20601.76
2355,2017-03-31,11767.04
2356,2017-04-03,10606.77
2357,2017-04-04,10644.0
2358,2017-04-05,14766.83
2359,2017-04-06,9335.18
2360,2017-04-07,22023.15
2361,2017-04-09,328.0
2362,2017-04-10,4203.39
2363,2017-04-11,11441.94
2364,2017-04-12,16357.189999999999
2365,2017-04-13,9490.71
2366,2017-04-17,6346.1900000000005
2367,2017-04-18,15248.179999999998
2368,2017-04-19,11897.02
2369,2017-04-20,8419.06
2370,2017-04-21,7730.45
2371,2017-04-24,6678.959999999999
2372,2017-04-25,12008.630000000001
2373,2017-04-26,15763.330000000002
2374,2017-04-27,12240.53
2375,2017-04-28,5202.4
2376,2017-04-30,109.95
2377,2017-05-01,10422.25
2378,2017-05-02,5861.92
2379,2017-05-03,5674.12
2380,2017-05-04,5667.83
2381,2017-05-05,5576.43
2382,2017-05-08,6151.65
2383,2017-05-09,5796.62
2384,2017-05-10,8715.89
2385,2017-05-11,9915.109999999999
2386,2017-05-12,11654.32
2387,2017-05-15,15441.870000000003
2388,2017-05-16,6786.4400000000005
2389,2017-05-17,5743.37
2390,2017-05-18,4554.61
2391,2017-05-19,7504.42
2392,2017-05-22,14345.989999999998
2393,2017-05-23,7503.72
2394,2017-05-24,13873.27
2395,2017-05-25,7172.77
2396,2017-05-26,5051.91
2397,2017-05-30,3427.4500000000003
2398,2017-05-31,36270.71
2399,2017-06-01,9136.990000000002
2400,2017-06-02,3068.9700000000003
2401,2017-06-05,9871.2
2402,2017-06-06,10532.27
2403,2017-06-07,12466.64
2404,2017-06-08,16201.359999999999
2405,2017-06-09,25160.010000000002
2406,2017-06-12,7169.9
2407,2017-06-13,8057.92
2408,2017-06-14,4167.03
2409,2017-06-15,27273.34
2410,2017-06-16,10972.460000000001
2411,2017-06-19,5491.16
2412,2017-06-20,11159.029999999999
2413,2017-06-21,27613.92
2414,2017-06-22,17954.239999999998
2415,2017-06-23,5525.300000000001
2416,2017-06-26,8795.76
2417,2017-06-27,5780.110000000001
2418,2017-06-28,24165.050000000003
2419,2017-06-29,34632.240000000005
2420,2017-06-30,4460.32
2421,2017-07-05,9620.14
2422,2017-07-06,4867.6
2423,2017-07-07,10964.76
2424,2017-07-10,13210.849999999999
2425,2017-07-11,9450.22
2426,2017-07-12,7389.1900000000005
2427,2017-07-13,5123.04
2428,2017-07-14,9744.109999999999
2429,2017-07-17,5452.28
2430,2017-07-18,6409.23
2431,2017-07-19,7039.11
2432,2017-07-20,14229.250000000002
2433,2017-07-21,3880.95
2434,2017-07-24,3607.09
2435,2017-07-25,10414.310000000001
2436,2017-07-26,3178.87
2437,2017-07-27,6444.78
2438,2017-07-28,7794.030000000001
2439,2017-07-31,14455.289999999999
2440,2017-08-01,3680.83
2441,2017-08-02,5313.09
2442,2017-08-03,3717.04
2443,2017-08-04,6523.929999999999
2444,2017-08-07,9825.11
2445,2017-08-08,4454.24
2446,2017-08-09,7754.19
2447,2017-08-10,5060.74
2448,2017-08-11,4112.01
2449,2017-08-14,4406.969999999999
2450,2017-08-15,9367.41
2451,2017-08-16,10586.46
2452,2017-08-17,2711.6000000000004
2453,2017-08-18,16768.04
2454,2017-08-21,2344.6000000000004
2455,2017-08-22,11574.259999999998
2456,2017-08-23,9081.970000000001
2457,2017-08-24,6659.06
2458,2017-08-25,3169.32
2459,2017-08-27,199.0
2460,2017-08-28,2866.5499999999997
2461,2017-08-29,5563.79
2462,2017-08-30,3335.67
2463,2017-08-31,7654.86
2464,2017-09-01,2586.05
2465,2017-09-05,2670.58
2466,2017-09-06,6137.08
2467,2017-09-07,3931.95
2468,2017-09-08,4738.44
2469,2017-09-09,134.2
2470,2017-09-11,7637.4400000000005
2471,2017-09-12,7968.8
2472,2017-09-13,2459.49
2473,2017-09-14,1576.22
2474,2017-09-15,2750.4
2475,2017-09-18,4018.4500000000003
2476,2017-09-19,7370.25
2477,2017-09-20,2417.61
2478,2017-09-21,3396.27
2479,2017-09-22,7546.06
2480,2017-09-25,6086.430000000001
2481,2017-09-26,6127.86
2482,2017-09-27,7402.16
2483,2017-09-28,1210.8
2484,2017-09-29,51965.04
2485,2017-10-02,54625.50000000001
2486,2017-10-03,5210.32
2487,2017-10-04,10122.619999999999
2488,2017-10-05,9171.34
2489,2017-10-06,20080.440000000002
2490,2017-10-09,13223.83
2491,2017-10-10,75662.04
2492,2017-10-11,8365.55
2493,2017-10-12,4612.05
2494,2017-10-13,30683.37
2495,2017-10-16,60113.19
2496,2017-10-17,12423.52
2497,2017-10-18,32086.6
2498,2017-10-19,25853.09
2499,2017-10-20,23607.37
2500,2017-10-23,46516.12
2501,2017-10-24,21389.61
2502,2017-10-25,36522.39
2503,2017-10-26,6069.61
2504,2017-10-27,18852.84
2505,2017-10-30,8164.59
2506,2017-10-31,15204.029999999999
2507,2017-11-01,9259.880000000001
2508,2017-11-02,13660.300000000001
2509,2017-11-03,3842.89
2510,2017-11-06,19968.79
2511,2017-11-07,18960.42
2512,2017-11-08,13471.92
2513,2017-11-09,31395.5
2514,2017-11-10,10207.48
2515,2017-11-13,6322.69
2516,2017-11-14,47458.04
2517,2017-11-15,32039.29
2518,2017-11-16,26292.659999999996
2519,2017-11-17,11617.52
2520,2017-11-20,3832.1499999999996
2521,2017-11-21,17128.29
2522,2017-11-22,20097.59
2523,2017-11-27,40515.950000000004
2524,2017-11-28,23013.77
2525,2017-11-29,41993.78
2526,2017-11-30,36727.95
2527,2017-12-01,24312.52
2528,2017-12-04,8237.31
2529,2017-12-05,16151.8
2530,2017-12-06,31643.38
2531,2017-12-07,34557.67
2532,2017-12-08,33115.68
2533,2017-12-10,199.0
2534,2017-12-11,9782.31
2535,2017-12-12,14231.970000000001
2536,2017-12-13,24803.56
2537,2017-12-14,20610.909999999996
2538,2017-12-15,27362.07
2539,2017-12-18,24143.190000000002
2540,2017-12-19,27994.410000000003
2541,2017-12-20,16967.37
2542,2017-12-21,40296.45
2543,2017-12-22,33797.17
2544,2017-12-24,199.0
2545,2017-12-26,10791.1
2546,2017-12-27,16221.849999999999
2547,2017-12-28,10831.66
2548,2017-12-29,8743.990000000002
2549,2017-12-31,0.0
2550,2018-01-02,25481.58
2551,2018-01-03,20299.070000000003
2552,2018-01-04,28470.879999999997
2553,2018-01-05,20148.71
2554,2018-01-06,328.0
2555,2018-01-08,22828.89
2556,2018-01-09,19503.66
2557,2018-01-10,12224.49
2558,2018-01-11,15604.4
2559,2018-01-12,46985.92
2560,2018-01-15,8007.48
2561,2018-01-16,6001.27
2562,2018-01-17,13004.199999999999
2563,2018-01-18,10924.630000000001
2564,2018-01-19,34646.08
2565,2018-01-22,10574.859999999999
2566,2018-01-23,4164.85
2567,2018-01-24,32841.01
2568,2018-01-25,14195.75
2569,2018-01-26,28654.080000000005
2570,2018-01-27,199.0
2571,2018-01-29,11674.869999999999
2572,2018-01-30,16421.699999999997
2573,2018-01-31,18541.0
2574,2018-02-01,6117.05
2575,2018-02-02,22168.89
2576,2018-02-03,2193.86
2577,2018-02-05,15491.56
2578,2018-02-06,20544.469999999998
2579,2018-02-07,15245.74
2580,2018-02-08,9083.8
2581,2018-02-09,12750.83
2582,2018-02-11,199.0
2583,2018-02-12,21500.940000000002
2584,2018-02-13,21465.0
2585,2018-02-14,14313.939999999999
2586,2018-02-15,5636.35
2587,2018-02-16,16091.54
2588,2018-02-19,9049.14
2589,2018-02-20,14849.329999999998
2590,2018-02-21,16645.67
2591,2018-02-22,6836.2
2592,2018-02-23,10336.369999999999
2593,2018-02-26,8022.39
2594,2018-02-27,9670.000000000002
2595,2018-02-28,15357.649999999998
2596,2018-03-01,6852.58
2597,2018-03-02,9026.03
2598,2018-03-05,10236.79
2599,2018-03-06,11764.83
2600,2018-03-07,30705.77
2601,2018-03-08,7625.340000000001
2602,2018-03-09,9760.89
2603,2018-03-12,8137.6900000000005
2604,2018-03-13,12812.64
2605,2018-03-14,13829.24
2606,2018-03-15,9718.4
2607,2018-03-16,22641.73
2608,2018-03-19,6334.7300000000005
2609,2018-03-20,8541.039999999999
2610,2018-03-21,10209.54
2611,2018-03-22,4140.87
2612,2018-03-23,7602.5
2613,2018-03-25,199.0
2614,2018-03-26,10848.67
2615,2018-03-27,13910.019999999999
2616,2018-03-28,37834.270000000004
2617,2018-03-29,38817.58
2618,2018-03-30,99.0
2619,2018-03-31,4789.38
2620,2018-04-02,14216.730000000001
2621,2018-04-03,5923.32
2622,2018-04-04,10086.480000000001
2623,2018-04-05,10213.59
2624,2018-04-06,7277.089999999999
2625,2018-04-09,9276.659999999998
2626,2018-04-10,6890.76
2627,2018-04-11,9042.689999999999
2628,2018-04-12,9296.11
2629,2018-04-13,27138.260000000002
2630,2018-04-16,14208.369999999999
2631,2018-04-17,16663.57
2632,2018-04-18,7511.45
2633,2018-04-19,12588.02
2634,2018-04-20,6449.7699999999995
2635,2018-04-22,99.0
2636,2018-04-23,9120.84
2637,2018-04-24,7329.86
2638,2018-04-25,10565.06
2639,2018-04-26,9570.29
2640,2018-04-27,11175.900000000001
2641,2018-04-29,199.0
2642,2018-04-30,5862.759999999999
2643,2018-05-01,7010.560000000001
2644,2018-05-02,10230.5
2645,2018-05-03,18877.52
2646,2018-05-04,4710.95
2647,2018-05-07,11719.140000000001
2648,2018-05-08,10780.09
2649,2018-05-09,13251.980000000001
2650,2018-05-10,8382.93
2651,2018-05-11,6564.570000000001
2652,2018-05-14,6704.51
2653,2018-05-15,6462.91
2654,2018-05-16,6508.350000000001
2655,2018-05-17,6502.39
2656,2018-05-18,24274.170000000002
2657,2018-05-20,398.0
2658,2018-05-21,6570.839999999999
2659,2018-05-22,8137.02
2660,2018-05-23,10586.86
2661,2018-05-24,7372.2
2662,2018-05-25,14606.9
2663,2018-05-28,325.0
2664,2018-05-29,10114.39
2665,2018-05-30,6431.090000000001
2666,2018-05-31,7949.33
2667,2018-06-01,12294.91
2668,2018-06-04,3736.42
2669,2018-06-05,5269.400000000001
2670,2018-06-06,3202.7000000000003
2671,2018-06-07,5507.400000000001
2672,2018-06-08,23225.329999999998
2673,2018-06-09,199.0
2674,2018-06-10,179.0
2675,2018-06-11,7263.639999999999
2676,2018-06-12,4147.88
2677,2018-06-13,8890.06
2678,2018-06-14,7027.780000000001
2679,2018-06-15,4387.86
2680,2018-06-18,5667.259999999999
2681,2018-06-19,14462.869999999999
2682,2018-06-20,5546.120000000001
2683,2018-06-21,5716.96
2684,2018-06-22,4550.589999999999
2685,2018-06-23,199.0
2686,2018-06-25,20213.15
2687,2018-06-26,8367.14
2688,2018-06-27,11666.380000000001
2689,2018-06-28,5144.139999999999
2690,2018-06-29,3379.69
2691,2018-06-30,1040.71
2692,2018-07-02,4880.99
2693,2018-07-03,6372.969999999999
2694,2018-07-05,6366.820000000001
2695,2018-07-06,5589.78
2696,2018-07-09,10866.78
2697,2018-07-10,3944.88
2698,2018-07-11,7580.27
2699,2018-07-12,4921.83
2700,2018-07-13,2086.87
2701,2018-07-15,99.0
2702,2018-07-16,5721.749999999999
2703,2018-07-17,3771.1000000000004
2704,2018-07-18,10167.340000000002
2705,2018-07-19,3179.25
2706,2018-07-20,3998.2200000000003
2707,2018-07-23,5267.5599999999995
2708,2018-07-24,3317.05
2709,2018-07-25,6790.1900000000005
2710,2018-07-26,1933.56
2711,2018-07-27,2466.18
2712,2018-07-30,5360.950000000001
2713,2018-07-31,8530.56
2714,2018-08-01,6767.34
2715,2018-08-02,6762.120000000001
2716,2018-08-03,15606.319999999998
2717,2018-08-06,5235.58
2718,2018-08-07,5824.150000000001
2719,2018-08-08,8040.23
2720,2018-08-09,8751.089999999998
2721,2018-08-10,13547.369999999999
2722,2018-08-13,5303.140000000001
2723,2018-08-14,10041.740000000002
2724,2018-08-15,19315.36
2725,2018-08-16,8671.109999999999
2726,2018-08-17,6303.1900000000005
2727,2018-08-20,1331.43
2728,2018-08-21,5078.349999999999
2729,2018-08-22,7199.16
2730,2018-08-23,2656.69
2731,2018-08-24,3629.51
2732,2018-08-27,3054.7
2733,2018-08-28,7371.72
2734,2018-08-29,3052.41
2735,2018-08-30,14376.72
2736,2018-08-31,3239.7200000000003
2737,2018-09-04,2208.4000000000005
2738,2018-09-05,7120.28
2739,2018-09-06,3754.56
2740,2018-09-07,4138.24
2741,2018-09-10,6057.1900000000005
2742,2018-09-11,6703.08
2743,2018-09-12,18409.84
2744,2018-09-13,7881.15
2745,2018-09-14,10596.95
2746,2018-09-16,325.0
2747,2018-09-17,6158.95
2748,2018-09-18,5017.2300000000005
2749,2018-09-19,3644.1499999999996
2750,2018-09-20,46199.28
2751,2018-09-21,4631.73
2752,2018-09-23,198.0
2753,2018-09-24,-4191.68
2754,2018-09-25,11333.89
2755,2018-09-26,16931.29
2756,2018-09-27,10852.19
2757,2018-09-28,4916.16
2758,2018-09-30,14.85
2759,2018-10-01,3753.23
2760,2018-10-02,6237.07
2761,2018-10-03,6229.6900000000005
2762,2018-10-04,117430.51999999999
2763,2018-10-05,22335.879999999997
2764,2018-10-08,7182.51
2765,2018-10-09,31945.75
2766,2018-10-10,32735.550000000003
2767,2018-10-11,8446.310000000001
2768,2018-10-12,10227.84
2769,2018-10-15,15070.78
2770,2018-10-16,25140.559999999998
2771,2018-10-17,20590.26
2772,2018-10-18,17330.48
2773,2018-10-19,86435.8
2774,2018-10-22,31098.27
2775,2018-10-23,24671.47
2776,2018-10-24,9582.48
2777,2018-10-25,15037.94
2778,2018-10-26,24413.800000000003
2779,2018-10-29,20692.22
2780,2018-10-30,9385.5
2781,2018-10-31,24296.739999999998
2782,2018-11-01,9679.780000000002
2783,2018-11-02,9939.779999999999
2784,2018-11-05,15372.490000000002
2785,2018-11-06,16229.230000000001
2786,2018-11-07,20293.760000000002
2787,2018-11-08,25765.719999999998
2788,2018-11-09,24608.99
2789,2018-11-12,26950.96
2790,2018-11-13,8954.75
2791,2018-11-14,15535.19
2792,2018-11-15,48445.9
2793,2018-11-16,26752.64
2794,2018-11-19,26447.22
2795,2018-11-20,41872.48
2796,2018-11-21,24884.16
2797,2018-11-26,26576.48
2798,2018-11-27,13053.59
2799,2018-11-28,16992.89
2800,2018-11-29,12832.779999999999
2801,2018-11-30,18073.77
2802,2018-12-01,325.0
2803,2018-12-03,19430.95
2804,2018-12-04,24536.97
2805,2018-12-05,18082.100000000002
2806,2018-12-06,13558.79
2807,2018-12-07,31360.829999999998
2808,2018-12-10,16843.78
2809,2018-12-11,23209.0
2810,2018-12-12,32112.329999999998
2811,2018-12-13,12776.939999999999
2812,2018-12-14,26632.809999999998
2813,2018-12-17,19716.79
2814,2018-12-18,23952.940000000002
2815,2018-12-19,43174.76
2816,2018-12-20,31604.7
2817,2018-12-21,29218.91
2818,2018-12-26,49383.3
2819,2018-12-27,35217.659999999996
2820,2018-12-28,20677.859999999997
2821,2018-12-31,25500.760000000002
2822,2019-01-02,29573.07
2823,2019-01-03,24341.949999999997
2824,2019-01-04,57880.24
2825,2019-01-05,199.0
2826,2019-01-07,37796.51
2827,2019-01-08,38825.65
2828,2019-01-09,23967.98
2829,2019-01-10,17347.440000000002
2830,2019-01-11,16987.190000000002
2831,2019-01-14,20878.9
2832,2019-01-15,42169.89
2833,2019-01-16,62278.48
2834,2019-01-17,24218.6
2835,2019-01-18,27135.92
2836,2019-01-21,14766.47
2837,2019-01-22,25097.57
2838,2019-01-23,22436.159999999996
2839,2019-01-24,12215.96
2840,2019-01-25,13104.09
2841,2019-01-28,27063.05
2842,2019-01-29,30509.58
2843,2019-01-30,1939.46
2844,2019-01-31,25234.5
2845,2019-02-01,17383.95
2846,2019-02-04,19035.750000000004
2847,2019-02-05,22389.929999999997
2848,2019-02-06,19760.64
2849,2019-02-07,30387.260000000002
2850,2019-02-08,11884.38
2851,2019-02-11,17646.870000000003
2852,2019-02-12,24657.94
2853,2019-02-13,14127.320000000002
2854,2019-02-14,16501.39
2855,2019-02-15,16712.879999999997
2856,2019-02-18,11749.47
2857,2019-02-19,13004.0
2858,2019-02-20,15729.83
2859,2019-02-21,8012.24
2860,2019-02-22,18387.84
2861,2019-02-25,17641.8
2862,2019-02-26,8201.73
2863,2019-02-27,19379.98
2864,2019-02-28,20135.18
2865,2019-03-01,13381.9
2866,2019-03-04,14770.73
2867,2019-03-05,21305.08
2868,2019-03-06,10054.47
2869,2019-03-07,14519.869999999999
2870,2019-03-08,6288.179999999999
2871,2019-03-11,8034.51
2872,2019-03-12,7005.8099999999995
2873,2019-03-13,24439.26
2874,2019-03-14,14710.48
2875,2019-03-15,10519.73
2876,2019-03-18,9162.55
2877,2019-03-19,18127.18
2878,2019-03-20,15725.95
2879,2019-03-21,20481.329999999998
2880,2019-03-22,6858.92
2881,2019-03-25,15772.49
2882,2019-03-26,5245.12
2883,2019-03-27,5180.799999999999
2884,2019-03-28,5437.06
2885,2019-03-29,13505.810000000001
2886,2019-03-31,994.35
2887,2019-04-01,14870.2
2888,2019-04-02,30397.180000000004
2889,2019-04-03,12142.22
2890,2019-04-04,10141.29
2891,2019-04-05,5635.73
2892,2019-04-08,11841.61
2893,2019-04-09,15241.240000000002
2894,2019-04-10,17727.12
2895,2019-04-11,9073.52
2896,2019-04-12,12253.740000000002
2897,2019-04-15,11296.68
2898,2019-04-16,20885.99
2899,2019-04-17,4684.44
2900,2019-04-18,9302.130000000001
2901,2019-04-19,779.0
2902,2019-04-22,15759.41
2903,2019-04-23,18748.960000000003
2904,2019-04-24,16345.45
2905,2019-04-25,15111.43
2906,2019-04-26,17225.320000000003
2907,2019-04-29,9020.759999999998
2908,2019-04-30,8252.7
2909,2019-05-01,13469.02
2910,2019-05-02,13113.470000000001
2911,2019-05-03,8686.5
2912,2019-05-06,21008.53
2913,2019-05-07,12229.96
2914,2019-05-08,6286.000000000001
2915,2019-05-09,7003.32
2916,2019-05-10,4180.63
2917,2019-05-13,4555.2699999999995
2918,2019-05-14,7094.610000000001
2919,2019-05-15,10140.41
2920,2019-05-16,4799.52
2921,2019-05-17,8465.289999999999
2922,2019-05-20,9266.11
2923,2019-05-21,14927.699999999997
2924,2019-05-22,17589.51
2925,2019-05-23,12505.78
2926,2019-05-24,5708.330000000001
2927,2019-05-28,16338.7
2928,2019-05-29,24249.05
2929,2019-05-30,6417.67
2930,2019-05-31,10827.27
2931,2019-06-03,11644.409999999998
2932,2019-06-04,8516.26
2933,2019-06-05,14987.18
2934,2019-06-06,4337.71
2935,2019-06-07,1424.32
2936,2019-06-10,10283.81
2937,2019-06-11,10969.349999999999
2938,2019-06-12,7305.74
2939,2019-06-13,6525.72
2940,2019-06-14,4575.26
2941,2019-06-17,18469.54
2942,2019-06-18,5799.38
2943,2019-06-19,8228.42
2944,2019-06-20,9726.76
2945,2019-06-21,8003.51
2946,2019-06-24,15675.66
2947,2019-06-25,7580.220000000001
2948,2019-06-26,6824.37
2949,2019-06-27,12664.809999999998
2950,2019-06-28,5489.54
2951,2019-07-01,6658.77
2952,2019-07-02,-581.83
2953,2019-07-03,2708.2799999999997
2954,2019-07-08,3207.01
2955,2019-07-09,11394.91
2956,2019-07-10,8326.970000000001
2957,2019-07-11,8928.1
2958,2019-07-12,4175.049999999999
2959,2019-07-15,4386.6900000000005
2960,2019-07-16,7972.08
2961,2019-07-17,3131.9700000000003
2962,2019-07-18,1944.0
2963,2019-07-19,27919.95
2964,2019-07-22,5645.57
2965,2019-07-23,8500.92
2966,2019-07-24,3936.94
2967,2019-07-25,8849.880000000001
2968,2019-07-26,6925.95
2969,2019-07-29,5446.67
2970,2019-07-30,6702.04
2971,2019-07-31,26594.6
2972,2019-08-01,23283.620000000003
2973,2019-08-02,3760.42
2974,2019-08-05,5639.59
2975,2019-08-06,6553.22
2976,2019-08-07,4358.46
2977,2019-08-08,7627.2
2978,2019-08-09,6055.19
2979,2019-08-12,10424.85
2980,2019-08-13,7800.379999999999
2981,2019-08-14,1706.41
2982,2019-08-15,6556.58
2983,2019-08-16,3442.9700000000003
2984,2019-08-18,0.0
2985,2019-08-19,5279.910000000001
2986,2019-08-20,3569.15
2987,2019-08-21,6381.18
2988,2019-08-22,7656.97
2989,2019-08-23,1887.95
2990,2019-08-26,6853.44
2991,2019-08-27,9395.55
2992,2019-08-28,11163.820000000002
2993,2019-08-29,4162.650000000001
2994,2019-08-30,1673.54
2995,2019-09-03,4427.2
2996,2019-09-04,2742.79
2997,2019-09-05,7121.45
2998,2019-09-06,2257.75
2999,2019-09-09,6044.18
3000,2019-09-10,3446.94
3001,2019-09-11,5046.56
3002,2019-09-12,3021.05
3003,2019-09-13,5363.53
3004,2019-09-16,5866.0599999999995
3005,2019-09-17,1735.0600000000002
3006,2019-09-18,4643.78
3007,2019-09-19,4856.299999999999
3008,2019-09-20,2568.99
3009,2019-09-23,6937.39
3010,2019-09-24,3003.48
3011,2019-09-25,11813.380000000001
3012,2019-09-26,5740.650000000001
3013,2019-09-27,5176.299999999999
3014,2019-09-30,6774.94
3015,2019-10-01,5109.93
3016,2019-10-02,3786.8100000000004
3017,2019-10-03,11294.12
3018,2019-10-04,30494.49
3019,2019-10-07,45769.1
3020,2019-10-08,5426.88
3021,2019-10-09,10653.200000000003
3022,2019-10-10,3881.18
3023,2019-10-11,9083.75
3024,2019-10-14,56646.99
3025,2019-10-15,16774.989999999998
3026,2019-10-16,12976.69
3027,2019-10-17,11499.7
3028,2019-10-18,18371.79
3029,2019-10-21,16367.5
3030,2019-10-22,94599.56
3031,2019-10-23,63123.95
3032,2019-10-24,17799.49
3033,2019-10-25,20699.48
3034,2019-10-28,23994.010000000002
3035,2019-10-29,14769.34
3036,2019-10-30,11644.039999999999
3037,2019-10-31,10710.619999999999
3038,2019-11-01,13715.02
3039,2019-11-04,17839.73
3040,2019-11-05,15971.0
3041,2019-11-06,9360.46
3042,2019-11-07,16989.980000000003
3043,2019-11-08,12047.23
3044,2019-11-11,38793.78
3045,2019-11-12,28948.6
3046,2019-11-13,33941.61
3047,2019-11-14,41791.43
3048,2019-11-15,19205.79
3049,2019-11-18,16927.489999999998
3050,2019-11-19,79959.1
3051,2019-11-20,20002.65
3052,2019-11-21,16910.68
3053,2019-11-22,13260.66
3054,2019-11-25,17646.93
3055,2019-11-26,14614.93
3056,2019-11-27,20320.640000000003
3057,2019-11-30,120.59
3058,2019-12-02,16495.2
3059,2019-12-03,37667.07000000001
3060,2019-12-04,25382.510000000002
3061,2019-12-05,18497.57
3062,2019-12-06,20123.39
3063,2019-12-09,29757.1
3064,2019-12-10,27258.39
3065,2019-12-11,25540.4
3066,2019-12-12,27708.93
3067,2019-12-13,39896.69
3068,2019-12-16,42774.01
3069,2019-12-17,41510.83
3070,2019-12-18,29385.29
3071,2019-12-19,15980.05
3072,2019-12-20,27340.38
3073,2019-12-23,41518.509999999995
3074,2019-12-24,2933.5000000000005
3075,2019-12-26,11890.18
3076,2019-12-27,14288.240000000002
3077,2019-12-30,18414.799999999996
3078,2019-12-31,11162.51
3079,2020-01-02,32094.32
3080,2020-01-03,25176.31
3081,2020-01-06,39141.600000000006
3082,2020-01-07,43289.920000000006
3083,2020-01-08,38330.53
3084,2020-01-09,27228.63
3085,2020-01-10,29448.31
3086,2020-01-13,16415.02
3087,2020-01-14,50558.659999999996
3088,2020-01-15,18020.55
3089,2020-01-16,25369.32
3090,2020-01-17,39220.54
3091,2020-01-19,179.0
3092,2020-01-20,30263.010000000002
3093,2020-01-21,18192.48
3094,2020-01-22,19000.539999999997
3095,2020-01-23,20177.78
3096,2020-01-24,19978.64
3097,2020-01-27,19337.89
3098,2020-01-28,21468.23
3099,2020-01-29,5094.389999999999
3100,2020-01-30,17617.420000000002
3101,2020-01-31,17709.350000000002
3102,2020-02-03,14806.8
3103,2020-02-04,19733.44
3104,2020-02-05,17674.46
3105,2020-02-06,13811.939999999999
3106,2020-02-07,17741.56
3107,2020-02-10,17988.34
3108,2020-02-11,11878.789999999999
3109,2020-02-12,16901.949999999997
3110,2020-02-13,10155.57
3111,2020-02-14,16016.26
3112,2020-02-17,4285.83
3113,2020-02-18,20567.06
3114,2020-02-19,15408.49
3115,2020-02-20,10157.25
3116,2020-02-21,15566.779999999999
3117,2020-02-24,14815.850000000002
3118,2020-02-25,27598.49
3119,2020-02-26,6788.249999999999
3120,2020-02-27,9766.91
3121,2020-02-28,7044.58
3122,2020-02-29,778.7
3123,2020-03-02,10989.130000000001
3124,2020-03-03,19864.7
3125,2020-03-04,19937.57
3126,2020-03-05,11725.4
3127,2020-03-06,6626.7
3128,2020-03-09,10265.39
3129,2020-03-10,15793.07
3130,2020-03-11,11318.18
3131,2020-03-12,9595.150000000001
3132,2020-03-13,10671.61
3133,2020-03-16,8016.160000000002
3134,2020-03-17,12168.57
3135,2020-03-18,11287.109999999999
3136,2020-03-19,4274.969999999999
3137,2020-03-20,5673.45
3138,2020-03-23,8704.8
3139,2020-03-24,17860.100000000002
3140,2020-03-25,10800.24
3141,2020-03-26,8493.8
3142,2020-03-27,6553.55
3143,2020-03-30,14448.26
3144,2020-03-31,11178.57
3145,2020-04-01,11994.19
3146,2020-04-02,5615.139999999999
3147,2020-04-03,3641.09
3148,2020-04-06,5342.39
3149,2020-04-07,19049.4
3150,2020-04-08,18198.96
3151,2020-04-09,29243.660000000003
3152,2020-04-10,650.0
3153,2020-04-13,18987.81
3154,2020-04-14,11868.860000000002
3155,2020-04-15,5994.39
3156,2020-04-16,6799.54
3157,2020-04-17,11392.25
3158,2020-04-20,5425.01
3159,2020-04-21,8883.96
3160,2020-04-22,5591.97
3161,2020-04-23,6917.07
3162,2020-04-24,7738.88
3163,2020-04-25,325.0
3164,2020-04-27,5440.530000000001
3165,2020-04-28,19743.0
3166,2020-04-29,5594.210000000001
3167,2020-04-30,4944.25
3168,2020-05-01,9711.880000000001
3169,2020-05-04,9679.06
3170,2020-05-05,7664.410000000001
3171,2020-05-06,5432.749999999999
3172,2020-05-07,5516.42
3173,2020-05-08,5672.26
3174,2020-05-11,11141.18
3175,2020-05-12,7981.950000000001
3176,2020-05-13,5958.17
3177,2020-05-14,5635.209999999999
3178,2020-05-15,5435.39
3179,2020-05-18,3523.0299999999997
3180,2020-05-19,5630.879999999999
3181,2020-05-20,8976.24
3182,2020-05-21,3315.4700000000003
3183,2020-05-22,3461.06
3184,2020-05-26,5882.0599999999995
3185,2020-05-27,6663.95
3186,2020-05-28,4489.490000000001
3187,2020-05-29,6149.25
3188,2020-05-31,751.65
3189,2020-06-01,5459.860000000001
3190,2020-06-02,5595.45
3191,2020-06-03,4809.21
3192,2020-06-04,7653.83
3193,2020-06-05,3485.88
3194,2020-06-08,6318.15
3195,2020-06-09,4513.74
3196,2020-06-10,6684.76
3197,2020-06-11,5680.050000000001
3198,2020-06-12,1858.91
3199,2020-06-15,5637.54
3200,2020-06-16,15925.419999999998
3201,2020-06-17,3610.53
3202,2020-06-18,4127.46
3203,2020-06-19,12681.66
3204,2020-06-22,3407.32
3205,2020-06-23,10831.239999999998
3206,2020-06-24,8493.03
3207,2020-06-25,8084.810000000001
3208,2020-06-26,2978.76
3209,2020-06-29,5306.02
3210,2020-06-30,3568.65
3211,2020-07-01,5784.25
3212,2020-07-02,1187.96
3213,2020-07-03,199.0
3214,2020-07-06,1831.45
3215,2020-07-07,8173.51
3216,2020-07-08,7288.34
3217,2020-07-09,6519.24
3218,2020-07-10,8371.720000000001
3219,2020-07-13,5949.31
3220,2020-07-14,8662.01
3221,2020-07-15,11875.74
3222,2020-07-16,1400.39
3223,2020-07-17,4486.549999999999
3224,2020-07-20,3620.4300000000003
3225,2020-07-21,2170.7999999999997
3226,2020-07-22,5184.740000000001
3227,2020-07-23,5118.34
3228,2020-07-24,6671.3099999999995
3229,2020-07-27,9647.92
3230,2020-07-28,5618.9400000000005
3231,2020-07-29,3258.87
3232,2020-07-30,5694.42
3233,2020-07-31,31632.859999999997
3234,2020-08-03,5647.450000000001
3235,2020-08-04,25303.42
3236,2020-08-05,6537.969999999999
3237,2020-08-06,10429.449999999999
3238,2020-08-07,9381.17
3239,2020-08-10,2492.18
3240,2020-08-11,7304.900000000001
3241,2020-08-12,3710.6
3242,2020-08-13,5075.11
3243,2020-08-14,8964.45
3244,2020-08-17,10279.35
3245,2020-08-18,6537.0599999999995
3246,2020-08-19,2946.0
3247,2020-08-20,7078.42
3248,2020-08-21,2836.6000000000004
3249,2020-08-24,2988.47
3250,2020-08-25,5879.59
3251,2020-08-26,6781.360000000001
3252,2020-08-27,7586.71
3253,2020-08-28,14293.25
3254,2020-08-31,4013.44
3255,2020-09-01,11397.300000000001
3256,2020-09-02,42272.659999999996
3257,2020-09-03,13467.02
3258,2020-09-04,8365.06
3259,2020-09-08,15177.0
3260,2020-09-09,-5817.18
3261,2020-09-10,3159.4
3262,2020-09-11,5213.18
3263,2020-09-14,8140.240000000001
3264,2020-09-15,13305.24
3265,2020-09-16,8424.06
3266,2020-09-17,7234.040000000001
3267,2020-09-18,3256.04
3268,2020-09-21,11094.160000000002
3269,2020-09-22,7158.7
3270,2020-09-23,12409.400000000001
3271,2020-09-24,72000.29999999999
3272,2020-09-25,42886.8
3273,2020-09-28,76652.18000000001
3274,2020-09-29,74501.86
3275,2020-09-30,38413.5
3276,2020-10-01,115551.04000000001
3277,2020-10-02,14608.66
3278,2020-10-05,12027.88
3279,2020-10-06,12166.6
3280,2020-10-07,109645.72
3281,2020-10-08,7040.42
3282,2020-10-09,28790.48
3283,2020-10-12,158746.96000000005
3284,2020-10-13,22218.76
3285,2020-10-14,30941.22
3286,2020-10-15,36693.63999999999
3287,2020-10-16,38980.08
3288,2020-10-19,48195.86
3289,2020-10-20,32313.92
3290,2020-10-21,61725.72
3291,2020-10-22,186952.75999999995
3292,2020-10-23,23127.42
3293,2020-10-26,33366.4
3294,2020-10-27,44486.78
3295,2020-10-28,27128.620000000003
3296,2020-10-29,53694.95999999999
3297,2020-10-30,19923.340000000004
3298,2020-10-31,119.56
3299,2020-11-02,15438.86
3300,2020-11-03,13401.05
3301,2020-11-04,16969.379999999997
3302,2020-11-05,19039.46
3303,2020-11-06,9795.43
3304,2020-11-09,32279.85
3305,2020-11-10,11011.61
3306,2020-11-11,16609.69
3307,2020-11-12,22423.920000000002
3308,2020-11-13,15398.74
3309,2020-11-16,13734.59
3310,2020-11-17,33645.89
3311,2020-11-18,11810.289999999999
3312,2020-11-19,19139.32
3313,2020-11-20,26370.91
3314,2020-11-23,18172.04
3315,2020-11-24,54503.329999999994
3316,2020-11-25,59634.3
3317,2020-11-30,19788.11
3318,2020-12-01,17428.7
3319,2020-12-02,24625.08
3320,2020-12-03,24438.59
3321,2020-12-04,14472.630000000001
3322,2020-12-07,11562.470000000001
3323,2020-12-08,50031.3
3324,2020-12-09,86276.73
3325,2020-12-10,28915.620000000003
3326,2020-12-11,12966.619999999999
3327,2020-12-14,11544.73
3328,2020-12-15,46000.19
3329,2020-12-16,43237.770000000004
3330,2020-12-17,25115.429999999997
3331,2020-12-18,24807.21
3332,2020-12-21,27627.92
3333,2020-12-22,20646.27
3334,2020-12-23,15120.55
3335,2020-12-28,15474.119999999999
3336,2020-12-29,9100.82
3337,2020-12-30,9424.43
3338,2020-12-31,30597.83
3339,2021-01-01,-1353.22
3340,2021-01-04,58590.39000000001
3341,2021-01-05,23944.149999999998
3342,2021-01-06,18402.29
3343,2021-01-07,67854.1
