Year_Month,Sum of Sales,BUILD FOR_Total_Trailer,"Class 4, North America_Inventories (Ward's)_indicators_m_trucking_trailer",G325_indicators_m_trucking,"FTR Active Truck Utilization (%, SA)_freight_m_trucking",Change in Payroll Employment (000's)_driver_indicators_m_trucking,"Total Classes 4-7, North America_Retail Sales (Ward's)_M/M % Change_indicators_m_trucking_trailer","Total Class 8, North America_Inventories (Ward's)_M/M % Change_indicators_m_trucking_trailer",FTR Truck Loadings_Y/Y % Change_freight_m_trucking_trailer,"Total Class 8, North America_Retail Sales (Ward's)_M/M % Change_indicators_m_trucking_trailer",Change in Distillate Fuel Inventories_x,"OEM Net Orders (U.S. / CAN, units)_indicators_m_trucking",FTR Rail Intermodal Loadings_Y/Y % Change_freight_m_trucking_trailer,"Class 6-7 Bus, North America_Factory Shipments (Ward's)_indicators_m_trucking_trailer",Change in Distillate Fuel Inventories_x,FTR Truck Loadings_M/M % Change_freight_m_trucking_trailer,"Total Classes 4-7, North America_Inventories (Ward's)_M/M % Change_indicators_m_trucking_trailer",FTR Rail Carloadings_M/M % Change_freight_m_trucking_trailer,FTR Rail Carloadings_M/M % Change_freight_m_trucking_trailer,"Total Class 8, North America_Factory Shipments (Ward's)_M/M % Change_indicators_m_trucking_trailer","Total Trailers, U.S._Production_M/M % Change_indicators_m_trucking_trailer","Total Classes 4-7, North America_Inventories (Ward's)_M/M % Change_indicators_m_trucking_trailer",FTR Rail Carloadings_M/M % Change_freight_m_trucking_trailer,FTR Intermodal Competitive Index_Intermodal Competitive Index (0=Neutral)_x,"Total Trailers, U.S._Production_M/M % Change_indicators_m_trucking_trailer","Total Class 8, North America_Inventories (Ward's)_M/M % Change_indicators_m_trucking_trailer",FTR Rail Intermodal Loadings_M/M % Change_freight_m_trucking_trailer,LEI_indicators_m_trucking,"Western Canadian Port Activity, Total TEUs_Exports_x",FTR Rail Intermodal Loadings_M/M % Change_freight_m_trucking_trailer,"OEM Net Orders (U.S. / CAN, units)_indicators_m_trucking","Total Classes 4-7, North America_Retail Sales (Ward's)_M/M % Change_indicators_m_trucking_trailer","FTR Rail Carloadings (carload + intermodal) (000s, SA)_freight_m_trucking_trailer",Change in Truck Emp. (000's)_driver_indicators_m_trucking,BUILD FOR_All_Other,PORTEU_indicators_m_trucking,BUILD FOR_All_Other,Change in Truck Emp. (000's)_driver_indicators_m_trucking,"Total Classes 4-7, North America_Factory Shipments (Ward's)_Y/Y % Change_indicators_m_trucking_trailer","Total Trailers, U.S._Production_Y/Y % Change_indicators_m_trucking_trailer","Class 4, North America_Factory Shipments (Ward's)_indicators_m_trucking_trailer","Total Classes 4-7, North America_Factory Shipments (Ward's)_Y/Y % Change_indicators_m_trucking_trailer",Canada Origin Intermodal Volumes_Domestic_x
2008-01,381696.5099999995,10291.0,18764.0,116.8145,88.2946503301861,11.0,14.67452451111706,-3.7276833727683423,-5.114612915515371,17.711598746081503,-2981.0,16185.0,-5.115789496562373,3297.0,-2981.0,-2.7498820191368845,-5.728403828798845,1.7945642710762932,1.7945642710762932,27.60031027431069,-10.826287059830886,-5.728403828798845,1.7945642710762932,3.3419928682387154,-10.826287059830886,-3.7276833727683423,-1.8551899610147249,-0.5,70230.0,-1.8551899610147249,16185.0,14.67452451111706,3093.6388153091707,-2.0,969.0,1589857.2,969.0,-2.0,-27.608874281018903,-34.57279723574682,2261.0,-27.608874281018903,46969.0
2008-02,430305.8499999997,11750.0,18603.0,115.6614,87.99840721787433,-79.0,-18.66473556344609,-4.198225975825009,-4.132064158659876,-21.09650900248944,-13327.0,11091.0,-2.2243195274741723,2192.0,-13327.0,0.5904212959484845,2.1970778864110807,2.386821786333093,2.386821786333093,-26.128764852169105,-16.623657204585008,2.1970778864110807,2.386821786333093,2.285575758568439,-16.623657204585008,-4.198225975825009,1.8418674866223173,-0.2,86567.0,1.8418674866223173,11091.0,-18.66473556344609,3167.4784605434265,-4.0,1104.0,1582819.7000000002,1104.0,-4.0,-8.198725786730165,-40.69156883671291,2824.0,-8.198725786730165,44924.0
2008-03,451627.8099999988,12333.0,16986.0,114.5234,87.79015461296407,-49.0,18.70296972830145,-5.142497317971917,-6.99026516073552,12.451390417492105,-9852.0,14647.0,-4.591547562115139,1529.0,-9852.0,0.9638544726819688,-6.795043073662876,-0.0948221991842079,-0.0948221991842079,4.264232812149316,-6.406103793277184,-6.795043073662876,-0.0948221991842079,1.9240757268211977,-6.406103793277184,-5.142497317971917,0.6826468915793082,0.0,80451.0,0.6826468915793082,14647.0,18.70296972830145,3164.474987808453,2.0,1158.0,1521727.0,1158.0,2.0,-32.989621242755085,-42.21916103803768,1764.0,-32.989621242755085,46727.0
2008-04,467417.4799999996,11583.0,17294.0,113.1064,89.63986714400671,-240.0,-19.327365110089524,-0.2753669510486056,-2.5467529130362765,-9.859063030144856,-733.0,14264.0,-2.905609016423849,1956.0,-733.0,-0.0140027293319633,-3.4302095689996093,-6.61850844015639,-6.61850844015639,18.562100882542865,-20.85672537106822,-3.4302095689996093,-6.61850844015639,5.986521097965696,-20.85672537106822,-0.2753669510486056,-2.9112244271323084,0.1,84739.0,-2.9112244271323084,14264.0,-19.327365110089524,2955.033943653713,-2.0,931.0,1606410.35,931.0,-2.0,-35.45846943537098,-42.061704762977136,1858.0,-35.45846943537098,53497.0
2008-05,462676.36999999953,12336.0,17632.0,112.0097,89.13481800366564,-177.0,5.938456001439629,3.6710140282537385,-5.080068118373415,3.365906623235615,6890.0,12060.0,0.2451101496290242,1637.0,6890.0,-0.7945869852986731,5.186474221175819,3.543597752148253,3.543597752148253,-6.4875332849189,14.177436595083082,5.186474221175819,3.543597752148253,7.9408008617196755,14.177436595083082,3.6710140282537385,3.273510296269766,-0.1,89548.0,3.273510296269766,12060.0,5.938456001439629,3059.748460056244,-6.0,991.0,1656702.7999999998,991.0,-6.0,-23.31501931132024,-41.31455399061033,2595.0,-23.31501931132024,53653.0
2008-06,448702.12000000034,14417.0,16972.0,110.6953,88.92574270468522,-171.0,11.058263971462544,-1.105826397146259,-6.331131260458534,2.1008403361344463,7769.0,13530.0,-6.196023932067584,1966.0,7769.0,-0.6313163254071497,-1.2618808187627728,-3.92524968007798,-3.92524968007798,-4.232461817240485,4.961702127659584,-1.2618808187627728,-3.92524968007798,3.436065409734735,4.961702127659584,-1.105826397146259,-4.546455050814702,0.0,81948.0,-4.546455050814702,13530.0,11.058263971462544,2939.645693416695,-11.0,1158.0,1681471.1,1158.0,-11.0,-21.62563667232597,-43.46291372513065,2104.0,-21.62563667232597,49592.0
2008-07,500439.8399999997,12687.0,15315.0,109.5787,90.5910213357994,-196.0,8.570408891608029,-0.3583022724540141,-4.111317862962527,17.53086419753087,9196.0,11677.0,-2.1465197864568464,2132.0,9196.0,0.1797304170433999,-7.306656153492341,-2.012942609661117,-2.012942609661117,31.87592917961888,-6.081245439065919,-7.306656153492341,-2.012942609661117,7.556685586664082,-6.081245439065919,-0.3583022724540141,1.225751094781535,-0.7,78917.0,1.225751094781535,11677.0,8.570408891608029,2880.472312680842,-6.0,1284.0,1700146.3,1284.0,-6.0,-17.062530295685896,-44.86648579180351,2135.0,-17.062530295685896,52129.0
2008-08,435560.54000000056,13988.0,14819.0,107.5538,89.2052382260069,-278.0,-8.18501995773656,-1.8607008398494047,-4.819985700852614,-1.6806722689075682,2067.0,12435.0,-2.1438623695016923,2211.0,2067.0,-1.2695140750503708,-1.802296732118802,-0.4777345481127626,-0.4777345481127626,-15.42403279528568,6.500906500906512,-1.802296732118802,-0.4777345481127626,1.5683949762012463,6.500906500906512,-1.8607008398494047,-0.1863586983346099,-0.8,77031.0,-0.1863586983346099,12435.0,-8.18501995773656,2866.711301294343,-5.0,1415.0,1758316.85,1415.0,-5.0,-24.041937816341285,-38.70310559006212,2192.0,-24.041937816341285,51719.0
2008-09,434402.5300000005,14617.0,14256.0,100.284,85.33657526239877,-460.0,-1.6571194762684094,-3.659166359277022,-5.576118548809427,-0.1780626780626737,-5294.0,8677.0,-4.626213913298449,2030.0,-5294.0,-0.8321693827883059,-5.850823843641151,-1.2665792222329442,-1.2665792222329442,-4.247197818842774,16.869325551232173,-5.850823843641151,-1.2665792222329442,1.30971812307623,16.869325551232173,-3.659166359277022,-0.4906978003890949,0.0,70990.0,-0.4906978003890949,8677.0,-1.6571194762684094,2830.4021315907453,-13.0,1477.0,1707243.9,1477.0,-13.0,-36.16025509154495,-35.375857277332024,1652.0,-36.16025509154495,53018.0
2008-10,447714.7899999996,13886.0,13022.0,104.8596,89.7734888066612,-481.0,-14.6297066777616,-7.586083671541976,-5.030100915268565,-5.803305981686291,-84.0,8862.0,-0.9602531878441288,1693.0,-84.0,-0.4787275872737195,-5.593360041403894,4.3703860617153145,4.3703860617153145,5.3594026828651,-11.999722549767633,-5.593360041403894,4.3703860617153145,-0.3635219939358322,-11.999722549767633,-7.586083671541976,1.7404036998318162,-1.0,68314.0,1.7404036998318162,8862.0,-14.6297066777616,2954.101631840281,-4.0,1404.0,1753003.25,1404.0,-4.0,-20.500974518154912,-30.77804452204278,1282.0,-20.500974518154912,55917.0
2008-11,367527.06999999913,12860.0,12572.0,101.7716,88.64517431079857,-727.0,-10.423393237892176,0.1519127192376679,-6.160040362980046,-4.046206287084964,8281.0,10231.0,-3.0280605633199453,1893.0,8281.0,-1.8402290055407389,0.0974599500517703,-2.2311288151818265,-2.2311288151818265,-0.7146717914839895,10.254591313943418,0.0974599500517703,-2.2311288151818265,-8.763411903725109,10.254591313943418,0.1519127192376679,-2.373614417703085,-0.6,63381.0,-2.373614417703085,10231.0,-10.423393237892176,2888.191819102536,-16.0,1300.0,1614721.5,1300.0,-16.0,-28.712629652226973,-22.224075618571028,1943.0,-28.712629652226973,49648.0
2008-12,338708.0899999998,10895.0,12057.0,96.807,86.05356685992702,-706.0,-8.399075081610441,1.0590182018753502,-8.667824659326673,-0.6118018551411142,10137.0,8653.0,-4.448202707742466,1975.0,10137.0,-2.0880670868008933,-3.060914014483052,-1.5370452047981598,-1.5370452047981598,2.340914589886278,4.496711466971681,-3.060914014483052,-1.5370452047981598,-8.194268462636993,4.496711466971681,1.0590182018753502,-0.6574594135340561,-0.1,63349.0,-0.6574594135340561,8653.0,-8.399075081610441,2843.799005241647,-9.0,1102.0,1372656.25,1102.0,-9.0,-22.415029399110853,-21.77566092261586,1889.0,-22.415029399110853,42110.0
2009-01,373876.5500000001,4814.0,11491.0,96.9774,86.5492674261635,-784.0,21.66456307075506,0.1528217443510504,-1.89038030208718,5.877680698967436,-2283.0,7043.0,-3.086535625456077,2917.0,-2283.0,4.466712361668956,-4.2665829671479365,-5.717553035778888,-5.717553035778888,13.606005083042728,-5.001026202367109,-4.2665829671479365,-5.717553035778888,-11.357315563352577,-5.001026202367109,0.1528217443510504,-0.4565709824665753,-0.3,59561.0,-0.4565709824665753,7043.0,21.66456307075506,2681.2032888860035,-26.0,1111.268,1341915.2,1111.268,-26.0,-25.79139866313532,-16.665666446618253,1664.0,-25.79139866313532,21512.0
2009-02,425350.9300000006,5446.0,10723.0,96.9877,85.99111077053004,-743.0,-25.654482211509123,-2.449591280653951,-5.316923637455496,-18.59839959989997,4375.0,6039.0,-8.436608963579816,1442.0,4375.0,-2.9227656754699405,-4.161657668684837,-4.611428431190423,-4.611428431190423,-30.804848863222524,-7.388736857266309,-4.161657668684837,-4.611428431190423,-8.65028906707978,-7.388736857266309,-2.449591280653951,-3.780276592751109,-0.4,67081.0,-3.780276592751109,6039.0,-25.654482211509123,2557.561518124301,-6.0,1117.179,1044369.3,1117.179,-6.0,-51.34945671223274,-7.435399121859931,1066.0,-51.34945671223274,21217.0
2009-03,435296.8199999997,6374.0,9648.0,96.5653,84.62761515562708,-800.0,21.620290568825418,-9.307002597692804,-10.950907544526856,20.78949389447815,-2804.0,7893.0,-16.175490586443875,1273.0,-2804.0,-5.043858343037311,-6.85337651378658,-7.527546166429911,-7.527546166429911,5.496240601503755,-15.27993779160186,-6.85337651378658,-7.527546166429911,-5.549391302483379,-15.27993779160186,-9.307002597692804,-7.826988640165389,-0.3,81182.0,-7.826988640165389,7893.0,21.620290568825418,2365.0398941126487,-16.0,1125.4544,1278396.05,1125.4544,-16.0,-11.415065875490294,-16.211643466892255,1414.0,-11.415065875490294,23991.0
2009-04,380974.7699999997,5926.0,8699.0,97.1951,85.65380846954808,-695.0,-33.083620166025504,0.6221318796390429,-13.356015951438938,-42.68184130213631,4757.0,7473.0,-26.068293423964217,1666.0,4757.0,-2.714503722415273,-2.6908574506635308,6.853573405641766,6.853573405641766,-15.793599885966792,-55.8145938503901,-2.6908574506635308,6.853573405641766,-3.84298578683252,-55.8145938503901,0.6221318796390429,-14.369449726609108,1.0,82914.0,-14.369449726609108,7473.0,-33.083620166025504,2527.1296393283715,-19.0,1253.1319999999998,1295275.15,1253.1319999999998,-19.0,-48.90194306371441,-53.2212612962783,524.0,-48.90194306371441,24279.0
2009-05,408980.9000000001,5876.0,8613.0,96.7999,84.79043791412752,-342.0,-3.0156328794755383,3.1648862905941044,-12.224451637661993,-9.495285635052683,6648.0,6962.0,-31.888964933220475,1586.0,6648.0,0.5010287038185623,-4.45613063935787,0.1479064288021137,0.1479064288021137,-17.308506136267454,13.128375571250528,-4.45613063935787,0.1479064288021137,-5.383585443602952,13.128375571250528,3.1648862905941044,-4.857252631867858,1.3,93600.0,-4.857252631867858,6962.0,-3.0156328794755383,2530.867426529102,-8.0,1264.954,1368884.7999999998,1264.954,-8.0,-33.801518053486554,-53.65106382978724,2078.0,-33.801518053486554,23506.0
2009-06,423990.9599999996,6564.0,8945.0,97.3538,84.45938705403874,-467.0,19.124376039933445,-6.871384067645748,-12.668918264112683,27.06213996813336,6017.0,7338.0,-28.10577551679305,1986.0,6017.0,-1.1344867918037127,2.2042557674075702,-1.2594431004150808,-1.2594431004150808,-6.786079836233371,17.040029379361,2.2042557674075702,-1.2594431004150808,1.2606642921085514,17.040029379361,-6.871384067645748,0.7554588117213434,0.9,87854.0,0.7554588117213434,7338.0,19.124376039933445,2498.9925913450284,-6.0,1276.7759999999998,1354516.7,1276.7759999999998,-6.0,-35.15434606011373,-48.31752209519177,2519.0,-35.15434606011373,23133.0
2009-07,446763.1499999999,6770.0,8387.0,97.8158,84.24473985101389,-340.0,-8.982976865997383,-3.520341520914972,-14.51260562168214,-18.08623516928716,3217.0,7851.0,-30.595839173160368,1704.0,3217.0,-1.9352107789583184,-4.893194877476869,-12.794473528158024,-12.794473528158024,-19.226968266168875,-7.028553498588009,-4.893194877476869,-12.794473528158024,-0.1332578272210901,-7.028553498588009,-3.520341520914972,-2.2802129197336485,1.2,82290.0,-2.2802129197336485,7851.0,-8.982976865997383,2179.2596457747586,-6.0,770.7944,1395812.25,770.7944,-6.0,-53.35411390350022,-48.83881550548217,1294.0,-53.35411390350022,23431.0
2009-08,400480.9599999994,7840.0,8133.0,98.847,85.1889874148171,-183.0,-12.056397467868784,-5.884295337471935,-13.37988074797698,1.70748940178993,2709.0,9260.0,-31.26486966630626,1600.0,2709.0,0.0386843793939606,-3.1211053914928177,-1.3619807102578485,-1.3619807102578485,-5.125067971723762,-0.843739453256831,-3.1211053914928177,-1.3619807102578485,-1.0069065353970652,-0.843739453256831,-5.884295337471935,-1.148525359053254,0.6,80170.0,-1.148525359053254,9260.0,-12.056397467868784,2149.578549772873,-4.0,815.718,1503137.5,815.718,-4.0,-57.19045352553206,-52.36705577172504,1037.0,-57.19045352553206,22980.0
2009-09,440180.1599999993,7695.0,8502.0,98.6034,85.83360600099108,-241.0,21.692660050169053,-2.4980703108553826,-12.740919406386874,12.400138937130944,4082.0,9625.0,-30.399129516870648,2092.0,4082.0,-0.1006486848151966,-2.737848872979476,2.53190299920294,2.53190299920294,41.96876343315661,11.70864533696392,-2.737848872979476,2.53190299920294,0.0033091866878582,11.70864533696392,-2.4980703108553826,0.7626525277224516,1.1,79045.0,0.7626525277224516,9625.0,21.692660050169053,2204.003793544796,1.0,803.896,1441274.0,803.896,1.0,-31.19310400386691,-54.47041686897413,1554.0,-31.19310400386691,24770.0
2009-10,551296.4899999999,7478.0,8204.0,99.1343,84.71135024542934,-199.0,-10.252733464778627,-2.52608852105074,-13.820950687342323,-1.133086114544701,-1567.0,20604.0,-30.63690941643512,2079.0,-1567.0,-1.7105316195305087,-3.927657494465053,15.640267086496618,15.640267086496618,-9.446911586596684,3.1383302864107288,-3.927657494465053,15.640267086496618,-0.8221351840753741,3.1383302864107288,-2.52608852105074,1.392824383575153,0.5,78355.0,1.392824383575153,20604.0,-10.252733464778627,2548.715873451719,-6.0,792.074,1511751.7,792.074,-6.0,-38.02778534459276,-46.63829116418381,1105.0,-38.02778534459276,25542.0
2009-11,440301.6999999995,6872.0,7905.0,100.8415,85.04820090305341,12.0,-8.607948871579785,0.8638511518015424,-11.16476221084275,-6.720150031256511,-39.0,8769.0,-29.069833599288376,1420.0,-39.0,1.1852261909466089,-3.747044563493251,0.3456302013365997,0.3456302013365997,4.904146232724038,15.805022156573113,-3.747044563493251,0.3456302013365997,1.7668380435309032,15.805022156573113,0.8638511518015424,-0.1680041042878999,1.1,83694.0,-0.1680041042878999,8769.0,-8.607948871579785,2557.5250052566284,0.0,750.697,1427740.15,750.697,0.0,-38.39438548442315,-43.95195882184729,1053.0,-38.39438548442315,22794.0
2009-12,419378.3299999999,6870.0,7877.0,99.7848,85.30775855064131,-269.0,1.0598776223776252,1.511602371715104,-8.656623060597045,10.912543281581598,-5161.0,8973.0,-27.49794813974106,2091.0,-5161.0,0.6763399022216454,-4.054600292279464,0.7520548271560346,0.7520548271560346,10.337866553336172,-1.8494897959183687,-4.054600292279464,0.7520548271560346,3.11755605273914,-1.8494897959183687,1.511602371715104,1.544073488280584,1.1,85253.0,1.544073488280584,8973.0,1.0598776223776252,2576.7589955143835,-6.0,738.875,1437353.75,738.875,-6.0,-26.76524953789279,-47.35581856742149,1264.0,-26.76524953789279,20081.0
2010-01,455511.09,7457.0,7992.0,101.3991,86.72870104640431,2.0,25.28922045626554,5.13070127997115,-14.819792739330564,12.165156092648544,-2943.0,4525.0,-25.18421904860456,2574.0,-2943.0,-2.581922094790224,0.7972259130829329,-1.9360320810883125,-1.9360320810883125,26.39383726528648,-2.820012995451593,0.7972259130829329,-1.9360320810883125,3.964252787066704,-2.820012995451593,5.13070127997115,2.7201188027171863,0.6,76284.0,2.7201188027171863,4525.0,25.28922045626554,2526.8721147088963,-3.0,1047.6,1468876.15,1047.6,-3.0,-15.967029231815088,-46.1471986173124,1153.0,-15.967029231815088,38826.0
2010-02,1009215.4300000012,8896.0,8103.0,100.3451,87.0407435406944,-92.0,-12.65964791163272,-0.8848343507785184,-11.35345241313901,-2.451068414437063,-8181.0,5818.0,-20.189598422086053,1688.0,-8181.0,1.0277146405088144,1.2506832138378998,3.966482757548984,3.966482757548984,-21.438366600639945,-8.103771061781229,1.2506832138378998,3.966482757548984,2.0547274482084266,-8.103771061781229,-0.8848343507785184,2.6432480847492723,0.4,68926.0,2.6432480847492723,5818.0,-12.65964791163272,2627.1000614441377,-2.0,1200.0,1292444.6,1200.0,-2.0,15.4899135446686,-46.56298600311042,867.0,15.4899135446686,38469.0
2010-03,613928.6200000002,9707.0,7605.0,100.9692,87.61345221805577,181.0,29.4634917498271,-6.224913494809692,-8.782648990158004,30.906580763920854,-8802.0,9128.0,-13.41124177052887,1480.0,-8802.0,-2.2900728809967075,-5.83640289597358,-1.7492199398590924,-1.7492199398590924,22.110162916989907,-0.0291036088474916,-5.83640289597358,-1.7492199398590924,8.870728844116504,-0.0291036088474916,-6.224913494809692,0.0013336372893135,1.4,79453.25,0.0013336372893135,9128.0,29.4634917498271,2581.146303329306,-1.0,1300.0,1388657.8,1300.0,-1.0,-8.503633060853765,-36.94355208811382,1090.0,-8.503633060853765,44633.0
2010-04,542809.2900000002,9253.0,8312.0,101.3826,89.45347898606487,231.0,-25.101121880485387,5.57175011992177,-3.4424775209459524,-35.24572874920903,-1197.0,11123.0,20.45882601888285,1927.0,-1197.0,2.980917442946552,6.579213596816613,-5.3932359958392295,-5.3932359958392295,-15.54955527318933,8.544395924308578,6.579213596816613,-5.3932359958392295,9.177106174625976,8.544395924308578,5.57175011992177,19.12580533777446,-0.1,81624.57,19.12580533777446,11123.0,-25.101121880485387,2441.9389917928765,4.0,1320.0,1487722.7000000002,1320.0,4.0,43.08454191722675,54.9023680930619,1023.0,43.08454191722675,43717.0
2010-05,506190.7699999991,9989.0,8456.0,101.9916,90.7586561349272,540.0,-10.209904218463418,4.351473209604695,-3.457788849006027,2.953311617806742,5430.0,10372.0,24.464339002375542,1394.0,5430.0,0.485092045737967,1.648473342825496,0.1094210745864687,0.1094210745864687,3.864961444423544,19.297304546064108,1.648473342825496,0.1094210745864687,8.592712844004701,19.297304546064108,4.351473209604695,-1.693553279456117,0.5,88495.0,-1.693553279456117,10372.0,-10.209904218463418,2444.6109876784426,4.0,1420.0,1675409.7000000002,1420.0,4.0,-34.47278182597514,63.3492471538744,283.0,-34.47278182597514,42616.0
2010-06,525218.3599999988,11591.0,7971.0,101.9971,90.89339900111756,-139.0,48.72900590104403,-1.1354501607717005,-1.3600514641330053,23.33895802573296,7662.0,13336.0,28.27537235191957,2114.0,7662.0,1.0137329419158905,-5.500217892050053,4.604985436144782,4.604985436144782,8.83657763693979,9.116456834532372,-5.500217892050053,4.604985436144782,6.720677183783381,9.116456834532372,-1.1354501607717005,3.840538576397967,-0.2,75268.0,3.840538576397967,13336.0,48.72900590104403,2557.18496763143,3.0,1510.0,1732666.85,1510.0,3.0,2.390646205240632,52.29055538123628,775.0,2.390646205240632,41347.0
2010-07,526050.7500000009,10642.0,7659.0,101.6877,93.06952550038712,-84.0,-24.50022890279261,-5.722126232340685,2.9899016372596066,-1.436511329628043,8223.0,8886.0,30.83063651230806,1595.0,8223.0,2.389378196819303,0.4282090977963726,5.089189879013389,5.089189879013389,-14.87397055153481,-4.677037189656952,0.4282090977963726,5.089189879013389,4.308320071806879,-4.677037189656952,-5.722126232340685,-0.3336204826292488,0.2,79689.0,-0.3336204826292488,8886.0,-24.50022890279261,2687.3249661917803,5.0,1481.0,1815832.6,1481.0,5.0,1.2947236530697517,56.14242321970975,301.0,1.2947236530697517,41109.0
2010-08,553959.45,11570.0,6881.0,101.842,93.35524840205572,-5.0,9.43911066195049,-2.8819893632312743,3.5737335923541336,-6.341632688470544,4285.0,9499.0,35.03583211106178,1575.0,4285.0,0.6057863938421004,-1.3086687001869546,0.0408352923712662,0.0408352923712662,1.4463011824489502,7.954177023668008,-1.3086687001869546,0.0408352923712662,6.038433781410642,7.954177023668008,-2.8819893632312743,2.028786906421498,0.1,79800.32,2.028786906421498,9499.0,9.43911066195049,2688.4223431986907,6.0,1600.0,1868721.2,1600.0,6.0,27.08068614993646,69.99659632402995,240.0,27.08068614993646,41952.0
2010-09,517422.6699999992,11457.0,6232.0,101.5397,93.57003117394876,-65.0,16.206482593037208,-0.1591060460297444,3.3714926009210666,10.300111152278625,-3733.0,12347.0,33.9458953824765,1120.0,-3733.0,-0.2957149738515796,-2.346294449983388,-0.6633152730272984,-0.6633152730272984,17.32010403622002,16.03764140554611,-2.346294449983388,-0.6633152730272984,5.493931045346495,16.03764140554611,-0.1591060460297444,-0.0506494984339522,0.6,84252.0,-0.0506494984339522,12347.0,16.206482593037208,2670.5896271927754,3.0,1700.0,1769398.0,1700.0,3.0,-3.898840885142252,76.5843997562462,249.0,-3.898840885142252,44422.0
2010-10,526228.7399999993,11028.0,5346.0,100.2641,94.96499475051606,268.0,-12.110616656071205,-3.027832338880032,6.047823912147288,4.459187101108508,-5140.0,16454.0,36.41091653222877,1519.0,-5140.0,0.8342239525495954,-16.825483256193852,3.778934305989457,3.778934305989457,10.748008867723136,-8.187386765593995,-16.825483256193852,3.778934305989457,5.535773887628291,-8.187386765593995,-3.027832338880032,3.258767761869419,0.4,98956.0,3.258767761869419,16454.0,-12.110616656071205,2771.509454786959,5.0,1842.0,1768529.5,1842.0,5.0,-8.600732600732597,57.19350073855243,133.0,-8.600732600732597,45346.0
2010-11,488215.42999999976,10251.0,5303.0,100.9675,94.9923527174385,125.0,-9.086799276672696,-1.077734464572344,5.371321027162423,-4.172361122276714,374.0,23383.0,37.68038811109828,1725.0,374.0,0.5397429088688233,1.1292962356792111,0.7520282095972108,0.7520282095972108,0.326215895610904,8.72016538244691,1.1292962356792111,0.7520282095972108,7.866880895095386,8.72016538244691,-1.077734464572344,0.7610555683042364,1.1,93501.0,0.7610555683042364,23383.0,-9.086799276672696,2792.351987718612,6.0,1740.0,1674320.5,1740.0,6.0,5.181994998610717,47.576530612244895,176.0,5.181994998610717,42532.0
2010-12,448373.6699999997,10083.0,5770.0,101.6593,95.91253893334093,72.0,7.677772252610637,3.585226394683972,4.682424536462992,6.442953020134223,2510.0,21865.0,33.955207829738576,1467.0,2510.0,0.0181382532433049,7.347467227706739,0.2747225125488084,0.2747225125488084,0.5616316878510164,-0.976663785652554,7.347467227706739,0.2747225125488084,9.037122553901428,-0.976663785652554,3.585226394683972,-1.203376496696551,1.0,98515.0,-1.203376496696551,21865.0,7.677772252610637,2800.0232072584786,2.0,1686.0,1570296.7,1686.0,2.0,12.82180716809691,48.88888888888889,184.0,12.82180716809691,39794.0
2011-01,498378.8600000003,15108.0,5643.0,101.4231,94.96503460615332,19.0,6.8532372771774375,10.603461136804416,9.099463586749136,-0.6778058007566257,-2247.0,22692.0,29.77146417321581,2396.0,-2247.0,1.5286003373802926,4.816824966078692,1.735741054500206,1.735741054500206,20.37037037037037,-3.744435716156058,4.816824966078692,1.735741054500206,7.530901058944196,-3.744435716156058,10.603461136804416,-0.48807782062249,0.1,77530.0,-0.48807782062249,22692.0,6.8532372771774375,2848.624359602398,0.0,1495.47,1562287.0,1495.47,0.0,-2.8010921225604224,47.47258625300883,194.0,-2.8010921225604224,40280.0
2011-02,503011.8600000006,17598.0,5344.0,101.093,94.54829727215711,212.0,-10.433053850808191,-5.658404990726695,7.489455349916119,3.253451833042376,-8382.0,19243.0,27.08087046639307,1471.0,-8382.0,-0.4631767660314256,-2.970154620640053,0.5248466797227458,0.5248466797227458,-5.53724053724054,-7.045701849836783,-2.970154620640053,0.5248466797227458,5.976941013867421,-7.045701849836783,-5.658404990726695,0.5151124495063497,0.8,82410.0,0.5151124495063497,19243.0,-10.433053850808191,2863.5752699715445,11.0,1540.5,1412713.8,1540.5,11.0,0.2620087336244525,49.17054714784632,226.0,0.2620087336244525,42871.0
2011-03,671393.7899999999,18821.0,4837.0,102.3562,95.4875895672378,235.0,27.10866628064079,-4.267791400078636,9.177394620095193,18.38303104826313,-5281.0,23182.0,29.93644829002884,1148.0,-5281.0,-0.7557044861285722,-5.114141713608067,1.1821783544319509,1.1821783544319509,-3.089252245847607,-1.6388645010242953,-5.114141713608067,1.1821783544319509,9.62181931050359,-1.6388645010242953,-4.267791400078636,2.2484192105988177,0.7,88312.0,2.2484192105988177,23182.0,27.10866628064079,2897.4278369760145,6.0,1619.5,1452329.0,1619.5,6.0,-2.134259833726271,46.768558951965055,224.0,-2.134259833726271,49907.0
2011-04,612894.4499999995,18172.0,5225.0,101.7474,93.27316395540376,314.0,-24.113582871460025,5.05544561848934,5.619978821376637,-23.76655414178136,-5690.0,32809.0,5.82834374049892,1400.0,-5690.0,-0.3745935028205971,7.010623340103117,-5.498909134436492,-5.498909134436492,-5.761920640213402,49.83635822671823,7.010623340103117,-5.498909134436492,6.337517134915851,49.83635822671823,5.05544561848934,-2.976517816539448,-0.3,96932.0,-2.976517816539448,32809.0,-24.113582871460025,2738.100912984835,6.0,1659.0,1573796.5,1659.0,6.0,22.126081582200243,102.60158240579322,253.0,22.126081582200243,48331.0
2011-05,664604.8400000011,18253.0,5708.0,100.5645,93.48568059270984,101.0,11.535767883941972,3.699754771297581,5.073589149659541,6.855147747594304,1827.0,18002.0,7.952901449523431,1359.0,1827.0,-0.034734004863568,6.022117595532683,-0.3789149618477649,-0.3789149618477649,5.257943528412712,16.48133439237489,6.022117595532683,-0.3789149618477649,5.530441566537448,16.48133439237489,3.699754771297581,0.2799985294910101,0.8,98149.0,0.2799985294910101,18002.0,11.535767883941972,2727.7258389550448,3.0,1738.0,1664945.7,1738.0,3.0,72.69010629599346,97.81924460431657,341.0,72.69010629599346,47186.0
2011-06,552679.8100000008,19769.0,3324.0,100.8565,93.75515945197884,236.0,32.92967348403302,6.85790664199053,5.075127301667748,33.27223461906279,-1021.0,17038.0,6.697786627856339,1577.0,-1021.0,1.0152116624720264,8.4340252676512,3.082270848328039,3.082270848328039,33.10474653758235,6.949653369701103,8.4340252676512,3.082270848328039,5.645784731430432,6.949653369701103,6.85790664199053,2.6332361574067376,0.3,99407.0,2.6332361574067376,17038.0,32.92967348403302,2811.801737311468,5.0,1802.78,1635494.6,1802.78,5.0,33.10562805872757,93.89100649016171,427.0,33.10562805872757,47504.0
2011-07,498445.4099999997,17780.0,3656.0,100.9511,91.84392640120194,60.0,-13.415210203117622,1.53629045190673,1.5882337937918043,-6.07546492854153,14468.0,15164.0,7.998847823507305,1493.0,14468.0,-1.008389355581052,3.2540715578272428,-3.509365389120911,-3.509365389120911,-4.359026164259017,-3.4482758620689613,3.2540715578272428,-3.509365389120911,4.549787877294855,-3.4482758620689613,1.53629045190673,0.8817005001138023,0.6,91358.0,0.8817005001138023,15164.0,-13.415210203117622,2713.1253403315586,1.0,1725.36,1697772.95,1725.36,1.0,43.26553051126994,96.3903598832811,296.0,43.26553051126994,46367.0
2011-08,618720.9800000051,18680.0,3412.0,101.2978,92.35823014888662,126.0,8.159925181201766,4.144292122054449,1.8907784109016168,10.390271853313804,-1214.0,17723.0,4.647110234691754,1415.0,-1214.0,0.9054051389158824,1.291354076989304,-1.5620055611588968,-1.5620055611588968,8.597834697649853,0.4457406999779811,1.291354076989304,-1.5620055611588968,6.481997541857718,0.4457406999779811,4.144292122054449,-1.1376702096244196,0.3,81424.0,-1.1376702096244196,17723.0,8.159925181201766,2670.7461716343687,0.0,1777.5,1723934.55,1777.5,0.0,41.0198725159355,82.73100410451497,189.0,41.0198725159355,49882.0
2011-09,569145.8799999995,18691.0,3431.0,101.8043,92.33581978150266,233.0,6.18965268770717,3.4455565665756804,2.541670374468219,12.826575927100748,-3245.0,19151.0,3.651687366401735,1597.0,-3245.0,0.34120937660298,-1.138295288975233,-0.445895714425859,-0.445895714425859,7.571852356173703,8.30548403002247,-1.138295288975233,-0.445895714425859,6.165817241736089,8.30548403002247,3.4455565665756804,-1.0013863982572202,0.1,99988.0,-1.0013863982572202,19151.0,6.18965268770717,2658.837428911858,4.0,1810.68,1683764.0,1810.68,4.0,50.58479532163742,70.55474074713139,327.0,50.58479532163742,48984.0
2011-10,565695.3299999998,18283.0,3955.0,101.8956,90.96107821604107,204.0,-13.021646196647897,1.1962704509470568,1.7014635302105452,-15.682666257731436,-10807.0,22450.0,0.2070527069803152,1478.0,-10807.0,0.0080075978622584,2.7909975743805493,2.055944439730384,2.055944439730384,-9.281193490054251,-10.06120694015884,2.7909975743805493,2.055944439730384,5.983181413213004,-10.06120694015884,1.1962704509470568,-0.172809083226666,0.9,95265.0,-0.172809083226666,22450.0,-13.021646196647897,2713.501649193042,4.0,1817.0,1659393.0,1817.0,4.0,27.0759858929144,67.07385829731254,202.0,27.0759858929144,48948.0
2011-11,491944.68,16621.0,3938.0,100.7192,90.8880852493332,132.0,11.21079731627399,7.631685692762358,0.7155497624033336,15.54410427402244,1153.0,19740.0,-1.971164440404627,1576.0,1153.0,-0.4349089132871686,2.0879383475715496,0.1305282018143838,0.1305282018143838,18.4033487815817,5.06186726659168,2.0879383475715496,0.1305282018143838,7.433885331695621,5.06186726659168,7.631685692762358,-1.429204030182074,0.3,90674.0,-1.429204030182074,19740.0,11.21079731627399,2717.043534101937,3.0,1738.0,1613696.0,1738.0,3.0,54.77479857350416,61.452031114952455,274.0,54.77479857350416,48633.0
2011-12,447060.6500000007,16676.0,4086.0,101.5146,91.39163495502522,202.0,-3.703963521571374,2.880370410250888,0.6148194527455519,4.748412823338066,5692.0,23474.0,-0.0244776225757914,915.0,5692.0,-0.0818945426994677,-0.2194458261403853,1.5179127612253265,1.5179127612253265,-1.746632996633002,0.0588865096359692,-0.2194458261403853,1.5179127612253265,7.015112090063897,0.0588865096359692,2.880370410250888,0.7585572906629645,0.5,98750.0,0.7585572906629645,23474.0,-3.703963521571374,2758.2858846341182,7.0,1659.0,1589405.0,1659.0,7.0,24.239373601789715,63.14043816007682,210.0,24.239373601789715,45056.0
2012-01,425860.8100000003,16867.0,4352.0,102.3686,88.39109459904483,354.0,0.1529831718511065,6.473389502328741,-2.302961243978463,9.261671007814076,-915.0,20039.0,2.1136405481696707,2267.0,-915.0,-1.415679559369354,5.4835493519441725,0.3207930132756997,0.3207930132756997,16.106232597986715,-2.1828687603659525,5.4835493519441725,0.3207930132756997,8.621125556162806,-2.1828687603659525,6.473389502328741,1.640125603154563,0.4,85719.25,1.640125603154563,20039.0,0.1529831718511065,2767.1342730381944,5.0,1481.04,1589252.0,1481.04,5.0,27.725759467332512,65.78708741385564,307.0,27.725759467332512,45540.0
2012-02,374817.1599999999,19472.0,4978.0,101.5753,88.59368022018992,262.0,-16.191446028513234,2.8236508404600347,-1.4438755503711986,-2.7964975014899363,-9378.0,17882.0,2.112785265235684,1314.0,-9378.0,0.4120868234921415,8.984765929055927,0.8197973859141561,0.8197973859141561,-5.227817745803353,-9.090411858010173,8.984765929055927,0.8197973859141561,11.776522768767594,-9.090411858010173,2.8236508404600347,0.5142705555162497,0.7,95222.0,0.5142705555162497,17882.0,-16.191446028513234,2789.819167473296,12.0,1519.7116,1292244.0,1519.7116,12.0,20.65704330512692,62.14027899717101,179.0,20.65704330512692,48106.0
2012-03,450000.3599999999,21591.0,4593.0,101.2517,88.17997156805345,240.0,26.141294914077417,-5.188690518869055,0.7718759636172523,18.60585766165165,-5615.0,16156.0,5.0600341952117045,867.0,-5615.0,1.4755185785726654,-3.754718906234056,4.777008327664745,4.777008327664745,-5.243693553410155,0.3309066843150132,-3.754718906234056,4.777008327664745,11.681368818659967,0.3309066843150132,-5.188690518869055,5.199582900115485,0.3,103321.0,5.199582900115485,16156.0,26.141294914077417,2923.089061430282,-2.0,1579.7759999999998,1563458.0,1579.7759999999998,-2.0,16.660327120578167,65.38728553010016,136.0,16.660327120578167,53070.0
2012-04,436022.3599999999,20433.0,4892.0,101.4186,88.05783233509199,82.0,-15.990092197605607,8.79758003529114,0.2812994838071292,-30.280738030857325,-9213.0,13206.0,5.133464446142599,1408.0,-9213.0,-0.8595887532482305,0.7844800169617194,3.044141568830528,3.044141568830528,-1.470769483587364,1.145358599184454,0.7844800169617194,3.044141568830528,9.598169966147404,1.145358599184454,8.79758003529114,-2.9087046019569907,-0.1,104955.0,-2.9087046019569907,13206.0,-15.990092197605607,3012.072030643219,1.0,1645.6,1602774.0,1645.6,1.0,18.26923076923077,11.642838231400576,97.0,18.26923076923077,50106.0
2012-05,465111.9200000002,19789.0,5232.0,99.8309,88.22689530610388,100.0,10.548730548730555,10.424003707136231,0.2942124982457272,8.931728740090117,-2881.0,14284.0,6.750178523467154,1672.0,-2881.0,-0.0218616854002595,7.100031555695807,0.7727442682396335,0.7727442682396335,0.5545594796314113,15.444358807138192,7.100031555695807,0.7727442682396335,10.626490393350918,15.444358807138192,10.424003707136231,1.822077316210402,0.3,99940.0,1.822077316210402,14284.0,10.548730548730555,3035.347644615264,5.0,1662.056,1671180.0,1662.056,5.0,25.19886363636364,10.648937379247636,642.0,25.19886363636364,48032.0
2012-06,452439.5700000002,21905.0,5476.0,99.8743,88.20961879811726,73.0,24.67032152911544,3.917413290249483,-1.3407652500730285,16.042724749986913,-1678.0,12684.0,4.972510189276225,1752.0,-1678.0,-0.631519681200865,-2.943920644274212,-1.9629477934141937,-1.9629477934141937,4.523967490462755,10.88229252259656,-2.943920644274212,-1.9629477934141937,8.819899038126701,10.88229252259656,3.917413290249483,0.9241256296669276,-0.5,95233.0,0.9241256296669276,12684.0,24.67032152911544,2975.7653550028385,6.0,1678.512,1703989.0,1678.512,6.0,6.31175794714669,14.717602677859842,280.0,6.31175794714669,51979.0
2012-07,400012.7700000002,18765.0,5769.0,98.8878,89.47902311841189,152.0,-20.62039458046113,2.77430036748374,2.379883414723727,-3.997653747236385,6537.0,10010.0,3.739888921444945,1739.0,6537.0,2.724793908041523,13.66338637456046,-9.67385394987794,-9.67385394987794,6.8512714722100965,-5.363345838543843,13.66338637456046,-9.67385394987794,8.955101477135873,-5.363345838543843,2.77430036748374,-0.3028851532845156,-0.4,91499.0,-0.3028851532845156,10010.0,-20.62039458046113,2687.8941606687968,5.0,1522.18,1685497.0,1522.18,5.0,27.40790483499616,12.442218798150996,237.0,27.40790483499616,49188.0
2012-08,572229.9600000004,19367.0,5204.0,98.8315,89.05149461219206,172.0,19.688576134151823,2.02750491159136,1.257776890194351,8.835832119189746,843.0,12699.0,5.092612868990454,2172.0,843.0,-0.2005407724307573,-1.1039394613843734,0.3736148004894302,0.3736148004894302,-3.560555431796242,-3.151764302843441,-1.1039394613843734,0.3736148004894302,13.5111330679919,-3.151764302843441,2.02750491159136,0.1514524451998067,-0.4,94146.0,0.1514524451998067,12699.0,19.688576134151823,2697.936531074547,3.0,1604.46,1709865.0,1604.46,3.0,15.288487104493488,8.415055059442288,629.0,15.288487104493488,53232.0
2012-09,374181.77,20038.0,4847.0,99.104,89.09510358998544,187.0,-6.010758068551414,3.5893090965108287,0.5651741658148524,-3.0401174590836466,29.0,12923.0,7.694137106474397,2012.0,29.0,-0.3451240302338343,0.990232704685612,1.6709571471259954,1.6709571471259954,-4.481231953801734,10.692809136388902,0.990232704685612,1.6709571471259954,10.82785008512366,10.692809136388902,3.5893090965108287,1.449283403656465,0.4,90683.0,1.449283403656465,12923.0,-6.010758068551414,2743.01789436546,-2.0,1564.1428,1706392.0,1564.1428,-2.0,2.904530744336564,10.80479538671657,203.0,2.904530744336564,52536.0
2012-10,457266.1900000004,19690.0,4403.0,98.8014,88.05534637510814,159.0,-3.5935316430425246,-2.0261729496616865,-0.0725595547063862,-6.021467064534802,-8284.0,19822.0,5.9339481255633375,2194.0,-8284.0,-0.6261928527046545,-3.5633106030217965,-3.3624157034440327,-3.3624157034440327,-9.927048486558377,-14.33462679753481,-3.5633106030217965,-3.3624157034440327,11.643891188710068,-14.33462679753481,-2.0261729496616865,-1.8044180655548687,0.3,102483.0,-1.8044180655548687,19822.0,-3.5935316430425246,2650.7862299370363,5.0,1563.32,1727942.0,1563.32,5.0,19.061435599848608,5.539932508436452,264.0,19.061435599848608,56062.0
2012-11,390726.1699999998,17723.0,4386.0,98.549,88.47963022676679,156.0,2.450472837716577,-2.284369900960037,0.8519046706028321,1.4454291265816763,-1292.0,17953.0,7.022035677589922,1675.0,-1292.0,0.4862030894735802,6.352397458116688,-0.0896256673427076,-0.0896256673427076,-4.948988723823156,3.2081001865174485,6.352397458116688,-0.0896256673427076,12.275756963370377,3.2081001865174485,-2.284369900960037,-0.4167461922000237,0.0,108596.0,-0.4167461922000237,17953.0,2.450472837716577,2648.4104450886266,2.0,1828.0,1569663.0,1828.0,2.0,-0.0512032770097259,3.677730192719486,356.0,-0.0512032770097259,54382.0
2012-12,365944.8800000002,17377.04,4055.0,99.507,88.7919502842377,239.0,-0.343619458294031,-3.13968389577104,1.348142494792537,-9.735588152854335,16884.0,17865.0,5.143951729670215,1424.0,16884.0,0.4097485592452488,-6.461845993394755,-0.7185440243112406,-0.7185440243112406,-4.4110724037284665,3.464656374244845,-6.461845993394755,-0.7185440243112406,8.413601904206939,3.464656374244845,-3.13968389577104,-1.0096115529312557,0.4,101716.0,-1.0096115529312557,17865.0,-0.343619458294031,2629.380450096208,4.0,1481.04,1607705.0,1481.04,4.0,-2.439902764022684,7.206677010325824,139.0,-2.439902764022684,46458.0
2013-01,450219.64,18690.0,4007.0,98.3447,86.88882844410077,191.0,4.009194780609837,-3.3416858775182967,1.5780752285315949,9.88510506158782,-3468.0,18642.0,3.090766730420502,1791.0,-3468.0,-1.1920172233389923,-1.18931475029036,2.79371297213562,2.79371297213562,-2.6298941147500643,-1.7367002694879674,-1.18931475029036,2.79371297213562,13.202161332264906,-1.7367002694879674,-3.3416858775182967,-0.3446388818896584,0.5,85518.0,-0.3446388818896584,18642.0,4.009194780609837,2702.8377928173427,6.0,1517.0,1636876.25,1517.0,6.0,0.6516249898183668,7.6956735765465245,135.0,0.6516249898183668,49390.0
2013-02,376444.4000000001,18442.0,4035.0,97.3756,87.38790720744606,278.0,-13.085023400936036,-1.7607532456758834,1.706938325622409,-9.655237377543337,-9438.0,19250.0,2.674279123961454,1664.0,-9438.0,0.5394707344819283,0.3902393154356032,1.6621961150369955,1.6621961150369955,-2.984168731981185,-9.989842559674964,0.3902393154356032,1.6621961150369955,8.293238953707363,-9.989842559674964,-1.7607532456758834,0.1081920163187089,0.4,98237.0,0.1081920163187089,19250.0,-13.085023400936036,2747.7642576053045,3.0,1587.0,1569898.0,1587.0,3.0,14.70709570957096,6.63016665663918,91.0,14.70709570957096,46153.0
2013-03,450196.43,21066.0,3611.0,97.3012,87.74289001287158,139.0,23.812729040460702,-8.294454178893373,0.7688438194800584,17.266187050359715,-3196.0,17739.0,1.090363006472428,1418.0,-3196.0,0.5395585737425268,-10.542337954289993,3.423872707407716,3.423872707407716,-0.0938428653354916,-1.9520397223946275,-10.542337954289993,3.423872707407716,7.275226115024205,-1.9520397223946275,-8.294454178893373,3.5767099047527173,-0.2,105107.0,3.5767099047527173,17739.0,23.812729040460702,2841.844208085357,-9.0,1625.0,1415664.0,1625.0,-9.0,3.0757526355830844,4.203885823938602,65.0,3.0757526355830844,50216.0
2013-04,578736.38,21030.0,3670.0,97.168,88.12579159878634,191.0,-16.91935971005738,-4.806629834254139,1.6046184739526792,-26.073619631901845,-569.0,18831.0,6.205676189816844,1867.0,-569.0,-0.037320284013198,-0.8952410868540928,4.56833241050143,4.56833241050143,-18.36351301988206,7.555717199246814,-0.8952410868540928,4.56833241050143,6.043538233095908,7.555717199246814,-4.806629834254139,2.00425018984447,0.8,107425.0,2.00425018984447,18831.0,-16.91935971005738,2971.6690980992776,16.0,1639.0,1571837.0,1639.0,16.0,6.632434745400095,10.80808679670362,267.0,6.632434745400095,50825.0
2013-05,456302.6400000001,21184.0,4004.0,97.7654,88.22220969334484,222.0,-1.417769376181477,1.2236409363513223,2.832776314171981,-1.725900535209579,4108.0,19387.0,4.65891068886235,1568.0,4108.0,1.1866358835668889,1.2255678816692983,0.5482044728978064,0.5482044728978064,11.173612886729734,-1.3269127875869424,1.2255678816692983,0.5482044728978064,7.604563583105764,-1.3269127875869424,1.2236409363513223,0.3391539727654491,0.3,107219.0,0.3391539727654491,19387.0,-1.417769376181477,2987.95992101478,0.0,1612.0,1635829.0,1612.0,0.0,-5.491263898343545,-5.289646672144621,216.0,-5.491263898343545,53227.0
2013-06,454111.1600000001,20640.0,3670.0,96.9614,88.40195313760721,181.0,9.587727708533066,-1.208848965550191,3.017450861748383,8.921796597723652,155.0,16320.0,1.5521974576405029,1581.0,155.0,-0.4530665672815903,-1.210729568938529,-1.2338773543898007,-1.2338773543898007,13.54645814167432,14.22839171456458,-1.210729568938529,-1.2338773543898007,5.682706045634959,14.22839171456458,-1.208848965550191,-2.071723595014041,0.0,100764.75,-2.071723595014041,16320.0,9.587727708533066,2951.0921601911355,-2.0,1574.0,1662933.0,1574.0,-2.0,-15.296491101664389,-2.431568709184384,263.0,-15.296491101664389,48280.0
2013-07,476070.0400000003,19129.0,4495.0,96.4929,89.75830586677309,112.0,10.121811696614834,4.556006964596637,1.759698438903956,14.505617977528097,4089.0,15158.0,1.5871005297619425,1802.0,4089.0,1.470614569072759,6.043317485472799,-8.492082700925751,-8.492082700925751,11.21126189993924,-0.1708914839077202,6.043317485472799,-8.492082700925751,10.136683923661588,-0.1708914839077202,4.556006964596637,-0.2686196654180794,0.6,106292.0,-0.2686196654180794,15158.0,10.121811696614834,2700.482973367168,2.0,1501.0,1701417.0,1501.0,2.0,11.791280777049916,2.9217442372632574,414.0,11.791280777049916,50432.0
2013-08,472414.71000000025,20574.0,4204.0,96.5464,90.3509453010395,242.0,6.19079630874535,-1.3484133592376768,2.276548726974026,-0.6525365518594839,2228.0,16302.0,1.3913390483074384,1911.0,2228.0,0.3063532145043179,-1.1059081398824389,0.7185017278199535,0.7185017278199535,-2.1218468263364043,0.7322872087494048,-1.1059081398824389,0.7185017278199535,9.528350071860146,0.7322872087494048,-1.3484133592376768,-0.0415424980385825,0.7,118988.0,-0.0415424980385825,16302.0,6.19079630874535,2719.8859901902947,2.0,1571.0,1774094.0,1571.0,2.0,0.791820418204181,7.049370862600424,579.0,0.791820418204181,51106.0
2013-09,401616.8100000001,20021.0,4100.0,95.542,90.8162684910356,187.0,-2.382596685082872,0.6001922490797895,3.333612464847957,0.5778063114227905,-44.0,16755.0,0.910872162980958,2077.0,-44.0,0.6848438069794849,4.586439653435415,0.9375987793828644,0.9375987793828644,6.136025307033877,-2.567975830815705,4.586439653435415,0.9375987793828644,8.961998141864667,-2.567975830815705,0.6001922490797895,0.9685419352719382,0.9,103198.75,0.9685419352719382,16755.0,-2.382596685082872,2745.3876080349246,2.0,1569.0,1768617.0,1569.0,2.0,1.8948030505542943,-5.774937228943166,559.0,1.8948030505542943,50238.0
2013-10,494633.8500000003,20367.0,4074.0,95.3701,89.88159118109188,225.0,-2.5940337224383936,1.855088676035321,2.477532026787177,-1.9542374545811647,-11286.0,23424.0,2.409284595606209,1925.0,-11286.0,-1.4494677806315637,0.4984948826008528,-1.3398839549716437,-1.3398839549716437,-2.669296515450359,-7.320736434108532,0.4984948826008528,-1.3398839549716437,8.726506927436084,-7.320736434108532,1.855088676035321,-0.3463246248223028,0.1,119315.0,-0.3463246248223028,23424.0,-2.5940337224383936,2708.602599973085,2.0,1611.0,1691695.0,1611.0,2.0,35.13456240728967,1.9397815081268368,542.0,35.13456240728967,54330.0
2013-11,334956.72999999986,17631.0,3901.0,95.0839,90.14526533051948,264.0,-6.567001573659359,1.082256034778628,2.8653755182862506,-1.6726762820512775,3942.0,18864.0,3.165187024000926,1600.0,3942.0,0.866510060991188,-1.2508386849420128,0.7891238343347151,0.7891238343347151,-8.065387733045126,7.553975639082022,-1.2508386849420128,0.7891238343347151,6.08570881091322,7.553975639082022,1.082256034778628,0.3182967648717838,0.9,107224.0,0.3182967648717838,18864.0,-6.567001573659359,2729.976828666882,3.0,1460.0,1675285.0,1460.0,3.0,9.110314207650273,6.232250735787681,480.0,9.110314207650273,52275.0
2013-12,435530.1699999999,16021.0,4208.0,95.5064,90.41919542259436,69.0,-4.087581784025396,-0.690388881343651,3.636188300369314,8.32229805439544,6050.0,28646.0,4.332960656531504,1385.0,6050.0,1.162160313397198,5.687939820431942,0.2221950279627238,0.2221950279627238,1.6507469997550928,-2.687858462136672,5.687939820431942,0.2221950279627238,6.888175085676182,-2.687858462136672,-0.690388881343651,0.1109056373836736,-0.1,111404.25,0.1109056373836736,28646.0,-4.087581784025396,2736.042701444714,0.0,1310.0,1657148.0,1310.0,0.0,18.115540789959404,-0.0848388062680949,648.0,18.115540789959404,45059.0
2014-01,332240.6500000001,16752.0,4351.0,94.5494,88.71126744513256,175.0,21.68039983790355,-0.6131333622045432,1.8563916296131744,8.345871732179798,-12779.0,30636.0,5.32248972126228,2010.0,-12779.0,-2.888896679001141,1.841392294622768,3.3996074005750776,3.3996074005750776,10.15805705474171,1.7281854053244006,1.841392294622768,3.3996074005750776,4.39707005138262,1.7281854053244006,-0.6131333622045432,0.6005262477307483,0.1,91402.0,0.6005262477307483,30636.0,21.68039983790355,2829.057411605923,0.0,1425.0,1626654.0,1425.0,0.0,21.55863073561544,3.438293550025384,681.0,21.55863073561544,49484.0
2014-02,497974.24,17960.0,2437.0,94.5625,89.46269337506368,166.0,-16.146758436944943,-0.0045867351619155,1.4360982096039976,-16.026559041791433,-1637.0,25441.0,7.816355128243857,1535.0,-1637.0,0.1246113690081651,-5.467129587879882,3.291303515983768,3.291303515983768,-17.85214348206474,-13.4334953601414,-5.467129587879882,3.291303515983768,3.24861741108619,-13.4334953601414,-0.0045867351619155,2.4785913269093296,0.5,95625.0,2.4785913269093296,25441.0,-16.146758436944943,2922.1702776633074,2.0,1520.0,1456283.0,1520.0,2.0,2.7333213450818183,-0.5190994752581446,393.0,2.7333213450818183,48265.0
2014-03,474818.9000000001,21312.0,4246.0,95.326,90.32388397077368,254.0,24.379426755808574,-14.41218292738865,0.8057037699586544,26.160206718346245,2440.0,24677.0,6.207631332263963,1365.0,2440.0,-0.0852641452693814,1.3379122844673352,0.8109435739026338,0.8109435739026338,0.8253900633686584,-9.131643128580349,1.3379122844673352,0.8109435739026338,6.117741297048956,-9.131643128580349,-14.41218292738865,2.0312456963319736,1.0,60636.0,2.0312456963319736,24677.0,24.379426755808574,2945.867429748511,7.0,1809.0,1587361.0,1809.0,7.0,9.848165331083925,-7.803630537767081,391.0,9.848165331083925,52231.0
2014-04,410986.4700000002,21708.0,4871.0,95.4152,88.1301123995641,325.0,-28.04151144225652,8.700895010450726,0.9542835482337252,-28.813698181222342,1490.0,21491.0,2.237731157936107,1674.0,1490.0,0.1100169422798336,0.7177821707615495,-3.38700535448474,-3.38700535448474,6.945177986690609,4.562761375694402,0.7177821707615495,-3.38700535448474,7.572721790657342,4.562761375694402,8.700895010450726,-1.8085331810980043,0.3,105572.0,-1.8085331810980043,21491.0,-28.04151144225652,2846.0907421669062,5.0,1911.0,1702643.0,1911.0,5.0,7.495987158908512,-10.369181380417336,426.0,7.495987158908512,53841.0
2014-05,499166.41000000027,21618.0,4689.0,94.5179,88.44856537177255,218.0,3.431698838843289,2.8349562430666886,1.0755800201728285,-2.0888479686960504,4930.0,22646.0,0.6273707808449824,1631.0,4930.0,1.3082115266073169,9.29270743276398,-0.8929126680193411,-0.8929126680193411,1.6790952639636592,7.211079274116527,9.29270743276398,-0.8929126680193411,7.227052242328072,7.211079274116527,2.8349562430666886,-1.2413016574458258,0.6,125485.0,-1.2413016574458258,22646.0,3.431698838843289,2820.6776373867724,6.0,1858.0,1741944.0,1858.0,6.0,13.293317326930776,-2.613599392690602,339.0,13.293317326930776,55856.0
2014-06,468447.56000000006,24388.0,4913.0,95.5699,88.77948357537137,326.0,25.577404361816235,6.647488912861088,2.258146725275667,19.35938877461063,-83.0,22624.0,8.905003903085973,1922.0,-83.0,0.7116152386415386,1.1010390387822255,4.879097918834896,4.879097918834896,15.20229248627909,18.66369710467705,1.1010390387822255,4.879097918834896,5.483146219915819,18.66369710467705,6.647488912861088,5.983881337160013,0.7,114658.0,5.983881337160013,22624.0,25.577404361816235,2958.301261289552,4.0,1795.0,1798261.0,1795.0,4.0,26.947941476692748,1.1677584733694069,417.0,26.947941476692748,51180.0
2014-07,482979.9299999997,24584.0,5248.0,96.0948,87.83631313594327,232.0,12.41316478760961,0.6473655817299084,2.183168900022059,7.558225417302666,3885.0,25416.0,8.45017344112109,2072.0,3885.0,1.396214178970112,4.785468079257327,-4.223412251101744,-4.223412251101744,-0.2360976432395967,1.858108108108114,4.785468079257327,-4.223412251101744,4.795221435363058,1.858108108108114,0.6473655817299084,-0.6851374392968568,1.1,105095.0,-0.6851374392968568,25416.0,12.41316478760961,2833.360003395752,4.0,1910.0,1714712.0,1910.0,4.0,8.25756044992254,3.2239657631954355,631.0,8.25756044992254,54071.0
2014-08,392565.92,23811.0,6618.0,96.6935,87.73892579421076,188.0,-10.76891905582008,0.4131677684473755,2.133299967265168,3.2640542025270003,2573.0,22956.0,7.455376861155383,1448.0,2573.0,0.2574002329380764,0.5489183080400473,0.2766186694752592,0.2766186694752592,3.972446435363232,-0.4145936981757914,0.5489183080400473,0.2766186694752592,3.4513733452535127,-0.4145936981757914,0.4131677684473755,-0.9584458879219104,0.2,105527.0,-0.9584458879219104,22956.0,-10.76891905582008,2841.197606138589,3.0,2212.0,1742355.0,2212.0,3.0,16.58149645335978,2.048716012084584,584.0,16.58149645335978,53822.0
2014-09,531115.77,25355.0,5100.0,96.4495,88.00106490705524,309.0,-4.768392370572205,2.437668201330045,2.1332297168021874,6.20206587755463,3157.0,21857.0,6.561821866417095,2047.0,3157.0,0.6847745528097304,3.588631984585744,-0.3710425060061584,-0.3710425060061584,5.8529447628338005,12.813396243870857,3.588631984585744,-0.3710425060061584,4.904346106783808,12.813396243870857,2.437668201330045,0.1289288084734385,0.8,103198.0,0.1289288084734385,21857.0,-4.768392370572205,2830.655555340186,7.0,2101.0,1880118.7,2101.0,7.0,21.73611111111111,18.158914728682163,621.0,21.73611111111111,54766.0
2014-10,480061.26999999967,25456.0,4934.0,95.7479,88.23030646898117,252.0,14.90820219360991,5.82104783203421,3.9741621100009006,-2.688261813324433,-11196.0,43566.0,6.6756280288063685,2359.0,-11196.0,0.3268871592118971,0.0019375339068483,7.137068089158505,7.137068089158505,-1.4360864723726108,0.8036739380022917,0.0019375339068483,7.137068089158505,4.865194643388931,0.8036739380022917,5.82104783203421,-0.2398962420882666,0.6,104299.0,-0.2398962420882666,43566.0,14.90820219360991,3032.6813696943623,5.0,2408.0,1750749.0,2408.0,5.0,22.98886623804297,28.51691149563489,518.0,22.98886623804297,58664.0
2014-11,417520.84,20927.0,4847.0,95.9177,88.9203215079933,291.0,-8.450485033978318,2.402642701793267,2.8966336593534425,2.05902539464653,5992.0,38932.0,3.616545531116033,1673.0,5992.0,-0.1788124701319726,-2.2920582023908675,-3.11386499239511,-3.11386499239511,-1.5777786434999386,-3.144321509925152,-2.2920582023908675,-3.11386499239511,1.6467415673625896,-3.144321509925152,2.402642701793267,-2.558479791331425,0.3,91723.0,-2.558479791331425,38932.0,-8.450485033978318,2938.2477661925614,1.0,1634.0,1622773.0,1634.0,1.0,11.010251193364118,15.73344998541848,627.0,11.010251193364118,53424.0
2014-12,427154.1099999999,21415.0,4728.0,96.3036,88.79118857390729,268.0,10.33544877606527,2.031697689795431,1.4047295160262374,2.0469065232010752,9980.0,40495.0,3.7024562776267977,1915.0,9980.0,-0.3045956022446394,-2.472734483442396,0.1212616158002832,0.1212616158002832,5.775015832805575,6.484397967326028,-2.472734483442396,0.1212616158002832,5.263480405704097,6.484397967326028,2.031697689795431,0.1939097811050283,0.4,99921.26,0.1939097811050283,40495.0,10.33544877606527,2941.8107329100617,7.0,1702.0,1652864.0,1702.0,7.0,20.634424564419085,26.64202587283353,608.0,20.634424564419085,51549.0
2015-01,416050.03,22945.0,4802.0,96.1474,87.95761976693286,191.0,0.8627773212818379,2.248492822496706,5.133645793322494,10.94773260842703,-4073.0,33198.0,4.762508554321365,2156.0,-4073.0,0.6821317691605655,-0.2134884004635795,5.1729645580758765,5.1729645580758765,13.553867455001312,0.3983435219877762,-0.2134884004635795,5.1729645580758765,1.37467541887646,0.3983435219877762,2.248492822496706,1.6288704231096185,0.2,84355.0,1.6288704231096185,33198.0,0.8627773212818379,3093.9895594891723,1.0,1766.0,1275603.0,1766.0,1.0,9.513347979495368,24.98649776599402,527.0,9.513347979495368,51343.0
2015-02,434616.81,23190.0,4831.0,95.9509,87.51102864368401,271.0,-21.44093686354379,2.569716524544829,5.874282205525261,-20.96744255113784,-8855.0,28808.0,2.5056823030757736,1626.0,-8855.0,0.8299605688572465,1.7828762378254923,0.7569611642224361,0.7569611642224361,-19.614434008897675,-17.791483343808924,1.7828762378254923,0.7569611642224361,1.5552067389814634,-17.791483343808924,2.569716524544829,0.2709659245706763,0.1,98144.0,0.2709659245706763,28808.0,-21.44093686354379,3117.409858879602,5.0,1775.0,1231791.0,1775.0,5.0,14.116926308419387,18.69434518745392,516.0,14.116926308419387,46376.0
2015-03,545153.9099999999,27483.0,4768.0,95.3253,87.26528318448685,71.0,36.41843282131052,-11.127963150207842,6.825004686308289,41.24195593968716,5157.0,22647.0,2.688482158573557,1557.0,5157.0,0.811943217649902,-3.961724020579349,4.729697245837028,4.729697245837028,-3.271430328372893,2.3319157069814134,-3.961724020579349,4.729697245837028,3.527607409216396,2.3319157069814134,-11.127963150207842,2.213199482214812,0.4,112056.0,2.213199482214812,22647.0,36.41843282131052,3264.853907116482,-5.0,2169.0,1926905.0,2169.0,-5.0,48.67536955269725,33.668310342675234,532.0,48.67536955269725,55304.0
2015-04,462644.3300000002,26585.0,4833.0,95.6774,87.14590108754444,284.0,-28.71056632459141,4.87116280049722,6.715906023527807,-29.142971166317466,728.0,19990.0,3.533553682854373,1680.0,728.0,0.0077761887090188,2.1011381164797616,3.101374543852353,3.101374543852353,-2.610722610722616,7.144524865748303,2.1011381164797616,3.101374543852353,2.617781254407184,7.144524865748303,4.87116280049722,-1.0004696983027084,0.7,113329.0,-1.0004696983027084,19990.0,-28.71056632459141,3366.109255085762,-1.0,2152.0,1700823.0,2152.0,-1.0,3.665820516649254,36.96872015281758,572.0,3.665820516649254,54188.0
2015-05,529525.34,24715.0,5274.0,94.7397,86.76822816420338,331.0,0.1599466844385277,6.987443495730794,2.9333566801239552,1.1311367689852636,5006.0,17915.0,-1.301330511341514,1047.0,5006.0,-2.28266187990156,3.787105467314533,-6.247114576872848,-6.247114576872848,8.751468732320822,1.067770756156028,3.787105467314533,-6.247114576872848,1.9830947345004688,1.067770756156028,6.987443495730794,-5.853206230125919,0.7,111717.0,-5.853206230125919,17915.0,0.1599466844385277,3155.8245531378334,9.0,1913.0,1769719.0,1913.0,9.0,-5.446453800508621,29.12026726057906,624.0,-5.446453800508621,52966.0
2015-06,239083.80999999985,27442.0,5764.0,95.1652,86.47075862988085,174.0,33.76139463703507,8.254933994328951,3.2672086499070385,16.981482340929134,5409.0,17004.0,4.964865346534175,1840.0,5409.0,1.0382612571129046,4.970788992269415,7.176323139303076,7.176323139303076,22.38095238095239,18.512289780077616,4.970788992269415,7.176323139303076,2.833244623610661,18.512289780077616,8.254933994328951,12.712601812088153,0.6,102260.0,12.712601812088153,17004.0,33.76139463703507,3382.296720780472,8.0,2082.0,1774425.0,2082.0,8.0,39.11819887429644,28.95551801801801,694.0,39.11819887429644,51712.0
2015-07,436667.4000000001,27041.0,5653.0,95.1432,85.69512505146119,302.0,-9.098144555538978,5.500529063817239,2.354329032594716,-0.6427041180671278,2707.0,21069.0,6.560179688222156,1840.0,2707.0,0.4998741073563018,3.641031406941009,-11.756693781830773,-11.756693781830773,-7.059477487493049,-3.267474438743956,3.641031406941009,-11.756693781830773,2.0039511552585134,-3.267474438743956,5.500529063817239,0.8243050209281622,0.0,93983.0,0.8243050209281622,21069.0,-9.098144555538978,2984.650452525407,2.0,2178.0,1807578.0,2178.0,2.0,3.751633173645241,22.4663718444813,696.0,3.751633173645241,54167.0
2015-08,383529.81,26434.49,5513.0,94.417,85.56188908166943,125.0,0.1586954142497543,2.420256494574158,2.010813887226126,3.306181121226648,10001.0,17586.0,6.00118612347782,2032.0,10001.0,-0.0790773322104088,1.527835536188915,-2.530933506050048,-2.530933506050048,-1.7520405291303165,-7.034041752868159,1.527835536188915,-2.530933506050048,1.023644634474031,-7.034041752868159,2.420256494574158,-1.4779982343323228,0.1,93299.0,-1.4779982343323228,17586.0,0.1586954142497543,2909.110934183968,-1.0,2094.0,1947242.0,2094.0,-1.0,-0.6542361792607143,14.326024609122022,608.0,-0.6542361792607143,52616.0
2015-09,455992.08000000025,26373.0,5423.0,94.8292,85.24539204615297,155.0,7.1135879364038646,1.5347075065819116,1.4139986131576077,15.6269325912183,-3299.0,16982.0,6.943803953025007,2242.0,-3299.0,0.095717284962693,0.5467303034620397,0.4614650616339366,0.4614650616339366,10.67822101267637,11.033785150718176,0.5467303034620397,0.4614650616339366,3.3799833797296235,11.033785150718176,1.5347075065819116,1.0193274634317628,-0.1,92471.0,1.0193274634317628,16982.0,7.1135879364038646,2922.535464749399,-3.0,1999.0,1858496.0,1999.0,-3.0,-1.3247131900868347,12.522552074790871,702.0,-1.3247131900868347,56456.0
2015-10,344439.17999999993,25276.82,5350.0,95.0903,83.349048913901,306.0,-2.2392246875796995,0.2166076397672744,0.9582477387473533,-6.15744609727561,-5529.0,22634.0,4.369953722694175,2373.0,-5529.0,-0.1239782752936902,-3.172213464638052,0.6607559432018073,0.6607559432018073,-7.55791380872266,-1.4612637562859798,-3.172213464638052,0.6607559432018073,-2.0,-1.4612637562859798,0.2166076397672744,-2.640854096064682,0.5,103895.0,-2.640854096064682,22634.0,-2.2392246875796995,2941.8462915249115,-5.0,1985.0,1756564.0,1985.0,-5.0,-14.006120107101871,9.994305239179946,701.0,-14.006120107101871,56933.0
2015-11,326375.46,22737.0,5311.0,95.2055,82.77591013913464,237.0,0.8348116456224464,-0.369172517157057,0.9565770565676868,-6.141132048587616,13349.0,14749.0,6.094419909575377,2032.0,13349.0,-0.1804643359566426,1.022536035706456,-1.1096098276684452,-1.1096098276684452,-9.803303933921326,-2.2429274065308147,1.022536035706456,-1.1096098276684452,-2.0,-2.2429274065308147,-0.369172517157057,-0.9484895517591352,0.5,106918.0,-0.9484895517591352,14749.0,0.8348116456224464,2909.203275959252,2.0,1531.0,1748254.0,1531.0,2.0,12.667418581700264,11.017974885557091,589.0,12.667418581700264,52952.0
2015-12,405420.72999999975,22095.0,5373.0,94.9484,82.3041790406912,273.0,3.290903446134741,2.5589460182736667,0.5358608698530887,-2.178450795096587,4075.0,24815.0,3.8050677325204494,2163.0,4075.0,-0.7200561060976218,6.219783801401491,-1.2323169515121468,-1.2323169515121468,8.315548484730906,-0.232612772177565,6.219783801401491,-1.2323169515121468,-2.0,-0.232612772177565,2.5589460182736667,-1.968118586461487,-0.3,107213.0,-1.968118586461487,24815.0,3.290903446134741,2873.352670835659,1.0,1787.0,1637079.0,1787.0,1.0,13.717616580310876,4.014987182015384,635.0,13.717616580310876,47887.0
2016-01,368263.38,22887.0,5564.0,96.0164,82.49871823844967,73.0,6.692716160705348,6.427656059412978,-1.20964254187802,-6.801163918525699,-158.0,15976.0,1.7591081072157566,2383.0,-158.0,-1.0659111976265123,2.5041764685827195,0.127668117720936,0.127668117720936,4.793293687755251,-4.156447882303871,2.5041764685827195,0.127668117720936,-2.0,-4.156447882303871,6.427656059412978,-0.3741971553132939,-0.2,102903.0,-0.3741971553132939,15976.0,6.692716160705348,2877.0210261059988,-1.0,1727.0,1644586.0,1727.0,-1.0,6.881458966565357,-0.7038812067881817,526.0,6.881458966565357,48505.0
2016-02,388353.19,24185.0,9039.0,94.9823,81.9137488174636,263.0,-11.287444830500515,-1.5232844915131327,-2.4245903068247032,-1.8732828240779265,2113.0,14760.0,0.3134525345490857,1292.0,2113.0,-0.4100707295893069,-12.660690825032017,-2.050660682948835,-2.050660682948835,-23.29071516477505,-10.048020281032189,-12.660690825032017,-2.050660682948835,-2.0,-10.048020281032189,-1.5232844915131327,-1.1535481396917069,0.1,99451.0,-1.1535481396917069,14760.0,-11.287444830500515,2818.0230870834725,-2.0,1695.0,1679504.0,1695.0,-2.0,8.635631566837954,8.64911358532039,611.0,8.635631566837954,50205.0
2016-03,407765.12000000034,26268.0,5805.0,95.8833,81.26707714248312,229.0,23.97586535408065,-7.865350618738953,-3.0851140927237286,8.633124045477691,-2076.0,13750.0,0.0989306553382363,1374.0,-2076.0,0.1295101476033844,8.349518260405953,1.3443885934802946,1.3443885934802946,-11.5112081643567,-2.8235915028367864,8.349518260405953,1.3443885934802946,-2.0,-2.8235915028367864,-7.865350618738953,1.9946149645946545,0.1,112436.0,1.9946149645946545,13750.0,23.97586535408065,2855.9082680278643,-4.0,1449.0,1483353.0,1449.0,-4.0,-10.801213764607144,3.1753443847770235,654.0,-10.801213764607144,54446.0
2016-04,407365.2900000002,24276.0,5447.0,95.0272,86.5350157193736,187.0,-27.727971311475407,1.520602484769995,-0.4302808248867196,-24.25899168196196,-5928.0,11175.0,-0.1458841978287051,1840.0,-5928.0,2.747334397777168,1.6484192397588917,-0.8654272211164771,-0.8654272211164771,0.4431909750201468,3.584521384928707,1.6484192397588917,-0.8654272211164771,-2.0,3.584521384928707,1.520602484769995,-1.242595716190542,0.5,107620.0,-1.242595716190542,11175.0,-27.727971311475407,2831.1924604662345,-2.0,1626.0,1534422.0,1626.0,-2.0,25.53835073820669,-0.2527783830900021,2077.0,25.53835073820669,53443.0
2016-05,378694.6199999999,24855.0,5336.0,94.8945,86.4609402927097,42.0,15.511843582019026,-1.6852516852516874,1.5636981607898948,1.4952307295694744,-303.0,11772.0,8.365021855131548,1606.0,-303.0,-0.3257785989006723,5.072526408602895,2.9340775646426343,2.9340775646426343,-1.5894504612916194,5.67134180976101,5.072526408602895,2.9340775646426343,-2.0,5.67134180976101,-1.6852516852516874,2.171245346314743,-0.2,108081.0,2.171245346314743,11772.0,15.511843582019026,2914.261843260628,0.0,1587.0,1839467.0,1587.0,0.0,44.4975719088532,4.29064251832687,2358.0,44.4975719088532,52617.0
2016-06,459013.36000000034,25044.0,5547.0,93.8303,86.84018260942754,267.0,16.348759907951926,-2.12745506391977,0.2078785529873394,22.46888493776989,-5150.0,10781.0,-9.61042982160838,2453.0,-5150.0,-0.3105440565120188,0.5923488276429412,-6.345202088899427,-6.345202088899427,17.119274468843937,8.612776514368402,0.5923488276429412,-6.345202088899427,-2.0,8.612776514368402,-2.12745506391977,-5.984020885421848,0.2,100738.0,-5.984020885421848,10781.0,16.348759907951926,2729.346039906056,-4.0,1616.0,1729587.0,1616.0,-4.0,-3.8050284173008375,-4.420914747298332,1250.0,-3.8050284173008375,52580.0
2016-07,348373.33000000025,21132.0,5732.0,93.5806,93.20710893633336,354.0,-7.814697609001408,0.0769306314859052,4.42031939328762,-13.315082130413137,6730.0,7792.0,-10.728697078323346,2475.0,6730.0,4.724589571330595,4.346119244295421,-3.283956495550555,-3.283956495550555,-3.937007874015752,-7.583371402466876,4.346119244295421,-3.283956495550555,-2.0,-7.583371402466876,0.0769306314859052,-0.4230570227614749,0.5,98279.0,-0.4230570227614749,7792.0,-7.814697609001408,2639.715503342509,-1.0,1601.0,1754305.0,1601.0,-1.0,23.03310146318063,-8.685348880947908,1013.0,23.03310146318063,50401.0
2016-08,511345.76999999984,24651.0,5441.0,93.4421,93.12333136699591,135.0,-9.45456279202822,-1.6911728627271416,4.698464576901418,4.545889558809457,3565.0,11597.0,-9.196563859104678,2467.0,3565.0,0.187082774785785,1.172560822673696,0.6833595810969095,0.6833595810969095,-4.958789964677113,2.3850716757291224,1.172560822673696,0.6833595810969095,-2.0,2.3850716757291224,-1.6911728627271416,0.212901604572635,-0.2,107200.0,0.212901604572635,11597.0,-9.45456279202822,2657.754252148301,3.0,1735.0,1905099.0,1735.0,3.0,19.20974646032269,0.5664576168318725,827.0,19.20974646032269,56026.0
2016-09,391256.8300000001,24715.0,5411.0,94.2663,93.12971963481031,269.0,2.6380917276604743,-5.713144891609967,4.526462892359495,3.528927132918347,844.0,11116.0,-9.875032538994166,2661.0,844.0,-0.0687228723788679,-1.6114037806011727,2.33530747151276,2.33530747151276,-4.283604135893649,0.7604103802052009,-1.6114037806011727,2.33530747151276,-2.0,0.7604103802052009,-5.713144891609967,0.264527285593874,0.3,103022.0,0.264527285593874,11116.0,2.6380917276604743,2719.820985773168,1.0,1808.0,1748384.0,1808.0,1.0,6.661099691675232,-8.738430143575538,838.0,6.661099691675232,57610.0
2016-10,337982.3700000001,23690.0,5461.0,94.3467,96.60245745447835,145.0,-5.217525138518364,-1.54570959716267,7.015388332108441,-22.052256952119897,-6494.0,10328.0,-9.361634613499126,2392.0,-6494.0,2.2542134707288497,-5.510236220472442,2.960393263800776,2.960393263800776,-15.372361608920748,-15.62050790608529,-5.510236220472442,2.960393263800776,-2.0,-15.62050790608529,-1.54570959716267,-2.086246588919949,0.2,116472.0,-2.086246588919949,10328.0,-5.217525138518364,2800.338383023437,5.0,1702.0,1849069.0,1702.0,5.0,-17.443843131440428,-21.852002514699898,1357.0,-17.443843131440428,55310.0
2016-11,334031.9700000001,21649.0,5695.0,94.8362,96.4155797390645,151.0,9.120433017591337,-5.157983404125666,6.658654310148671,15.926493108728934,6289.0,16264.0,-8.953043641589197,1880.0,6289.0,-0.5132111024037656,-2.818286361893973,-0.3385359174328028,-0.3385359174328028,8.658823529411762,16.652470187393533,-2.818286361893973,-0.3385359174328028,-2.0,16.652470187393533,-5.157983404125666,-0.5019727511679672,0.5,109880.0,-0.5019727511679672,16264.0,9.120433017591337,2790.858231787246,1.0,1412.0,1887597.0,1412.0,1.0,-15.51022961897015,-6.746829615400185,1925.0,-15.51022961897015,57826.0
2016-12,352484.89,18827.0,6199.0,95.4255,97.2445307375687,230.0,-1.547619047619042,-5.659592962829985,8.086866403763814,-3.1801947257693586,5283.0,17401.0,-8.67579860917248,2102.0,5283.0,0.6093514083680196,0.2795403875835989,-0.5684321802643,-0.5684321802643,-7.74686011260286,0.2596243560099021,0.2795403875835989,-0.5684321802643,-2.0,0.2596243560099021,-5.659592962829985,-1.6696039163677678,0.6,108172.0,-1.6696039163677678,17401.0,-1.547619047619042,2774.994095492212,0.0,1328.0,1806533.0,1328.0,0.0,-13.680373618863197,-6.286732643233606,685.0,-13.680373618863197,50665.0
2017-01,411610.2600000003,20373.0,7000.0,95.2344,98.68735206056942,185.0,-9.935509875050386,-2.912426888871089,9.918585866501603,-6.771438678053466,3481.0,18876.0,-5.602077920014336,2342.0,3481.0,0.6106985702113432,2.9757323893078835,-3.689329873161773,-3.689329873161773,2.499853294994425,-4.14727898037629,2.9757323893078835,-3.689329873161773,-2.0,-4.14727898037629,-2.912426888871089,2.978932537737156,0.6,96758.0,2.978932537737156,18876.0,-9.935509875050386,2672.615409348742,-5.0,1418.0,1856452.0,1418.0,-5.0,-6.330337845523825,-6.277767535631462,725.0,-6.330337845523825,53285.0
2017-02,417977.00999999966,20862.0,6531.0,94.3593,98.31505936315952,188.0,-7.49608413515328,-7.606767072415932,10.867117175587016,3.7671418505067935,-6696.0,19387.0,-1.9896933756385016,1600.0,-6696.0,0.4493304830256006,-1.400029893876742,2.600219722495356,2.600219722495356,-10.471174214232548,-8.615449556775012,-1.400029893876742,2.600219722495356,2.0,-8.615449556775012,-7.606767072415932,2.629071086439283,0.5,106719.0,2.629071086439283,19387.0,-7.49608413515328,2742.109282329078,4.0,1429.0,1515082.0,1429.0,4.0,3.819272855630085,-4.785151954963274,773.0,3.819272855630085,51158.0
2017-03,432565.1700000002,26072.0,6781.0,95.1703,98.98081869933036,129.0,35.57087566521528,-10.932720005359176,10.797932590298242,13.241746761387386,-11161.0,19792.0,2.869133442521888,1526.0,-11161.0,0.0670261684830642,-4.2462523159845,3.79011994390821,3.79011994390821,-3.139787696636398,-13.03524412213035,-4.2462523159845,3.79011994390821,2.0,-13.03524412213035,-10.932720005359176,7.050962481160172,0.4,114700.0,7.050962481160172,19792.0,35.57087566521528,2846.03851312239,3.0,1643.0,1766326.0,1643.0,3.0,7.252460914881298,-14.790676623670516,968.0,7.252460914881298,61250.0
2017-04,464714.5299999999,22714.0,6907.0,95.874,99.85520472921272,197.0,-24.8193416004996,0.4487677689472669,10.900449542623017,-34.17131786521519,3560.0,21668.0,1.1626836171982011,1928.0,3560.0,2.84240244946099,2.063360833084138,0.9087488184604364,0.9087488184604364,-8.404304482735858,8.211610984224782,2.063360833084138,0.9087488184604364,2.0,8.211610984224782,0.4487677689472669,-2.880837914310041,0.2,104833.0,-2.880837914310041,21668.0,-24.8193416004996,2871.90185448332,2.0,1433.0,1697223.0,1433.0,2.0,-3.964201709597848,-10.984401625376847,1865.0,-3.964201709597848,55730.0
2017-05,369806.85,25597.0,7291.0,96.9618,99.99004053692995,155.0,13.516079269016256,2.5408076673488766,11.805581803365971,2.508583841356593,-847.0,14412.0,-2.2962159423573825,1999.0,-847.0,0.4877289542846386,2.90234738547448,-0.0610627176391154,-0.0610627176391154,13.305463456825729,2.400235605949041,2.90234738547448,-0.0610627176391154,2.0,2.400235605949041,2.5408076673488766,-1.3221384083599297,0.3,109197.0,-1.3221384083599297,14412.0,13.516079269016256,2870.148193163044,-2.0,1619.0,1911340.0,1619.0,-2.0,-4.038053875187431,-13.739921438908407,2373.0,-4.038053875187431,57602.0
2017-06,486335.8300000001,26898.0,8261.0,97.426,100.0,216.0,20.865565544637256,-0.0462467140492695,11.812861831216503,32.56545218401805,-2185.0,15432.0,4.123896176252906,2429.0,-2185.0,-0.3040529493242849,7.143335678156304,-1.305572916168063,-1.305572916168063,23.69592875318065,24.973636276483568,7.143335678156304,-1.305572916168063,2.0,24.973636276483568,-0.0462467140492695,0.193765703687232,0.6,104181.0,0.193765703687232,15432.0,20.865565544637256,2832.67631569922,0.0,1601.0,1848349.0,1601.0,0.0,2.4283997596635354,-0.7461550175117959,2612.0,2.4283997596635354,56460.0
2017-07,378053.77000000025,23577.0,8597.0,98.1632,100.0,215.0,-10.175575160006922,2.0309265798124976,7.629764181765042,-7.430516165626777,-540.0,15475.0,2.851843256427133,2401.0,-540.0,0.8066755022239525,-1.3068421628550486,-2.463111901023929,-2.463111901023929,-4.2581640524556486,-12.879717704817429,-1.3068421628550486,-2.463111901023929,1.6994435938836736,-12.879717704817429,2.0309265798124976,-1.639561069508888,0.3,103795.0,-1.639561069508888,15475.0,-10.175575160006922,2762.9043282497464,2.0,1508.0,1951906.0,1508.0,2.0,-11.42467222303456,-6.434338441258857,1609.0,-11.42467222303456,54649.0
2017-08,443671.4299999997,26900.0,8856.0,95.5935,99.84074355073751,184.0,0.6788310625391203,1.4940690708608706,7.490340612226709,16.666666666666675,-3248.0,18728.0,4.566492150937829,2632.0,-3248.0,0.0573004528761522,3.424408014571956,1.3589147645957975,1.3589147645957975,16.377504431433643,12.692612485691646,3.424408014571956,1.3589147645957975,5.26789446127608,12.692612485691646,1.4940690708608706,1.8835565535907817,0.4,99632.0,1.8835565535907817,18728.0,0.6788310625391203,2800.4498430979893,1.0,1687.0,2013566.0,1687.0,1.0,7.203623908960344,2.985314825990737,2018.0,7.203623908960344,61341.0
2017-09,452598.2399999997,25051.0,8038.0,93.3879,99.84333438672677,18.0,9.54475899005356,1.987066431510876,7.538350917447434,5.82505729564553,-10359.0,19704.0,5.083454172186697,2531.0,-10359.0,-0.0240888049020338,0.8407736955756029,1.75694540142719,1.75694540142719,7.029447059909533,5.08262687033636,0.8407736955756029,1.75694540142719,6.957509597098097,5.08262687033636,1.987066431510876,0.7602209979764574,0.1,99177.0,0.7602209979764574,19704.0,9.54475899005356,2849.652217835574,4.0,1606.0,1930005.0,1606.0,4.0,23.089430894308947,7.402970771442252,2123.0,23.089430894308947,59256.0
2017-10,400498.2400000001,25331.0,7867.0,98.616,99.53775265997965,267.0,-14.84634188929631,6.557528245330868,5.40893314434423,-11.275040606388744,-7576.0,33802.0,5.64842724547916,2199.0,-7576.0,0.2294294036343958,-1.4093490872642225,-0.4554730705478627,-0.4554730705478627,0.0086247789900406,-12.346642873076064,-1.4093490872642225,-0.4554730705478627,9.955927113185462,-12.346642873076064,6.557528245330868,-1.5598208578851305,1.3,109649.0,-1.5598208578851305,33802.0,-14.84634188929631,2836.6728193790627,3.0,1766.0,1868035.0,1766.0,3.0,21.704382183908045,11.570130607609318,1388.0,21.704382183908045,59786.0
2017-11,375167.42,22472.0,8607.0,99.1415,100.0,225.0,19.910801250833043,4.072359025403549,6.093445062452951,10.139842359521989,2815.0,30785.0,5.634818701257971,2395.0,2815.0,0.1328431803155005,1.900859545888656,-0.3708755308684197,-0.3708755308684197,3.811823552240101,14.09424439071978,1.900859545888656,-0.3708755308684197,8.550149111316278,14.09424439071978,4.072359025403549,-0.5147890640941233,0.4,107233.0,-0.5147890640941233,30785.0,19.910801250833043,2826.1522940011905,1.0,1554.0,1967203.0,1554.0,1.0,51.44401658767772,9.123362135410318,2392.0,51.44401658767772,60145.0
2017-12,324976.28,19159.0,5465.0,99.0582,100.0,130.0,-9.751613868581932,3.418163672654684,5.656585046796714,3.822891176877974,12874.0,34121.0,4.833920840551165,1922.0,12874.0,0.1950731953686224,-5.659692828637075,-1.826212798987448,-1.826212798987448,-0.1827622014537899,-6.873605947955386,-5.659692828637075,-1.826212798987448,7.490237455883042,-6.873605947955386,3.418163672654684,-2.415121396627306,0.6,112421.0,-2.415121396627306,34121.0,-9.751613868581932,2774.540739089264,2.0,1252.0,1940453.0,1252.0,2.0,19.43124835048826,1.3594982803965203,1740.0,19.43124835048826,51532.0
2018-01,469567.97,23134.0,7334.0,97.7663,99.57433690041177,121.0,-0.1468498342018009,3.4258142340168884,6.15125118475901,2.9750522524125023,-4445.0,46259.0,4.789726649700721,2201.0,-4445.0,1.0817407270004686,2.7929111652352345,2.8631014115948705,2.8631014115948705,5.1808081228413405,1.1177198515029296,2.7929111652352345,2.8631014115948705,10.803406996382822,1.1177198515029296,3.4258142340168884,2.9355203428897525,0.8,90612.0,2.9355203428897525,46259.0,-0.1468498342018009,2853.978654155403,4.0,1622.0,1885350.0,1622.0,4.0,13.589167526868671,6.926973406500636,1473.0,13.589167526868671,54702.0
2018-02,434532.3800000002,23973.0,7261.0,98.4095,99.92703632223083,406.0,-3.5580435504530605,-0.9194463883057336,6.132013590180652,-3.1093453100708213,-2551.0,36934.0,4.965755962704166,1588.0,-2551.0,0.4311262369716573,-1.2392636124144651,2.6943897365597547,2.6943897365597547,-11.841272353220443,-11.286565867908882,-1.2392636124144651,2.6943897365597547,9.857086828812678,-11.286565867908882,-0.9194463883057336,2.801470857438937,0.7,95027.0,2.801470857438937,36934.0,-3.5580435504530605,2930.8759620965725,7.0,1778.0,1808668.0,1778.0,7.0,18.7610499116007,3.801561273038012,1894.0,18.7610499116007,52833.0
2018-03,361638.8299999996,27190.0,7018.0,99.0101,100.0,176.0,18.854837916277244,-16.448568794020126,6.367425643063607,25.06685683722589,-8187.0,43304.0,4.868855266323657,1312.0,-8187.0,0.2889854365619504,-11.35646189784708,5.063974681032657,5.063974681032657,-19.59341201813042,-14.742791028835889,-11.35646189784708,5.063974681032657,10.795759467017916,-14.742791028835889,-16.448568794020126,6.952136795416397,0.4,119331.0,6.952136795416397,43304.0,18.854837916277244,3079.294778749615,9.0,1799.0,1592189.0,1799.0,9.0,-7.754082872182478,1.7634248685398646,1530.0,-7.754082872182478,61680.0
2018-04,490212.21,26609.0,7199.0,99.7754,98.68507368722004,137.0,-23.92599950335237,8.617653274473437,1.217585322456527,-34.97148966500356,-9800.0,32412.0,3.326935928700192,1798.0,-9800.0,-2.136771838159568,2.6210359502145675,-5.187001585128814,-5.187001585128814,18.62476977172518,20.74742940654524,2.6210359502145675,-5.187001585128814,11.489577848151145,20.74742940654524,8.617653274473437,-4.308811107050747,0.4,113003.0,-4.308811107050747,32412.0,-23.92599950335237,2919.571709765084,-4.0,1804.0,1752496.0,1804.0,-4.0,7.71804062126642,13.55225052765916,1857.0,7.71804062126642,55408.0
2018-05,521786.44,27142.0,7483.0,100.2773,97.90232126694151,278.0,7.382623361079377,4.784140778692958,3.602583088670075,12.92267222009098,-5392.0,32787.0,5.877113897096242,1882.0,-5392.0,2.85552905862747,5.823052764908998,2.392998452786532,2.392998452786532,3.21351275054107,3.6266966369845166,5.823052764908998,2.392998452786532,5.041972189524047,3.6266966369845166,4.784140778692958,1.1132972922891282,0.1,122794.0,1.1132972922891282,32787.0,7.382623361079377,2989.437015607756,4.0,1698.0,1906291.0,1698.0,4.0,-4.633620689655171,14.912280701754389,1199.0,-4.633620689655171,56531.0
2018-06,518933.42999999993,28043.0,7493.0,100.6931,98.63802100212408,219.0,21.547269226872025,3.5465236228594987,2.84329117819464,19.786459597185143,5180.0,39662.0,6.325536687967559,2051.0,5180.0,-1.0347135549385156,0.975585761366804,0.6927311590964047,0.6927311590964047,17.03514610019601,13.419263337921826,0.975585761366804,0.6927311590964047,1.7932122403628594,13.419263337921826,3.5465236228594987,0.6181177321003206,0.5,119246.0,0.6181177321003206,39662.0,21.547269226872025,3010.1457772964327,2.0,1946.0,1979506.0,1946.0,2.0,-5.254924964559804,4.288125191776615,1002.0,-5.254924964559804,53572.0
2018-07,555604.7,25870.0,7617.0,101.4915,94.74325075708214,136.0,-9.56608728273103,0.6674769371774802,2.695224687911857,-2.657807308970095,6702.0,50407.0,6.345643815102076,2238.0,6702.0,0.6615411870178445,1.1723824369966218,-2.062721573799986,-2.062721573799986,-8.841629664251771,-2.1368150055167345,1.1723824369966218,-2.062721573799986,2.185183305725272,-2.1368150055167345,0.6674769371774802,-1.620960214886502,0.7,107156.0,-1.620960214886502,50407.0,-9.56608728273103,2948.05485094531,2.0,1823.0,2001531.0,1823.0,2.0,14.361965553293343,17.14801444043321,1497.0,14.361965553293343,52819.0
2018-08,791574.9599999995,29113.0,7842.0,101.4871,95.50414757086035,244.0,10.720870206489684,-5.682447945530833,2.347532266821961,4.520103221510041,4956.0,49869.0,4.529682977110094,2484.0,4956.0,-0.2814608200837454,1.7221455397554042,0.5218808138354847,0.5218808138354847,-8.105452059477013,2.003081664098616,1.7221455397554042,0.5218808138354847,2.4805540957189223,2.003081664098616,-5.682447945530833,0.1437904277836965,0.5,101467.0,0.1437904277836965,49869.0,10.720870206489684,2963.440183593739,11.0,2002.0,1984509.0,2002.0,11.0,-12.532206534061627,6.035863577763023,1269.0,-12.532206534061627,56049.0
2018-09,440077.9599999997,27124.0,7821.0,100.8444,95.63520738189732,80.0,1.9648655399217447,4.425744444211288,1.7749467481491532,7.355049378783063,5023.0,41173.0,5.880737028671823,2431.0,5023.0,-0.5834062373653137,0.607456728569411,1.83907307792599,1.83907307792599,28.78597665876226,3.319578513005683,0.607456728569411,1.83907307792599,2.87234195248898,3.319578513005683,4.425744444211288,2.062554468607769,0.6,113546.0,2.062554468607769,41173.0,1.9648655399217447,3017.940014190652,8.0,1905.0,2029705.0,1905.0,8.0,-3.522677234698368,4.256822068555288,1483.0,-3.522677234698368,51526.0
2018-10,632492.03,30379.0,8277.0,101.2015,91.07785170286758,201.0,-9.618682126235,11.563040070736696,1.5695565523733634,-4.744241255239434,-12877.0,41525.0,5.45701872783193,2461.0,-12877.0,0.0271581887090643,2.1595257512075694,0.0513585406995309,0.0513585406995309,9.62524369990614,-7.748814320864383,2.1595257512075694,0.0513585406995309,2.1142356327542537,-7.748814320864383,11.563040070736696,-1.953763199155168,0.1,117091.0,-1.953763199155168,41525.0,-9.618682126235,3019.489984141128,2.0,2111.0,2163037.0,2111.0,2.0,22.5927838854866,9.725580014420832,1101.0,22.5927838854866,55604.0
2018-11,656338.1200000001,25512.0,8802.0,102.1735,91.56689700612075,134.0,10.050591742704862,0.0882628431443155,1.9404234128098,13.64485981308412,2173.0,24974.0,4.222442688539108,2443.0,2173.0,0.4984640852143895,2.9566632382063585,-0.9633493500908584,-0.9633493500908584,-4.801738901330522,12.53575570158485,2.9566632382063585,-0.9633493500908584,-1.046920077190361,12.53575570158485,0.0882628431443155,-1.6794536750143974,0.2,115143.0,-1.6794536750143974,24974.0,10.050591742704862,2990.4017470028457,6.0,1924.0,1938703.0,1924.0,6.0,-1.2077649014718084,8.226765799256498,1527.0,-1.2077649014718084,55013.0
2018-12,751298.6300000004,23139.0,9105.0,102.1209,91.60410157087182,182.0,-7.847966178221077,-0.2213623683973709,1.872380773956928,-0.6750274122807043,13650.0,18538.0,5.005815064681962,1888.0,13650.0,0.1281955333771289,0.7157022082395326,-1.6849145776055785,-1.6849145776055785,-2.850619248598907,-6.831999450417337,0.7157022082395326,-1.6849145776055785,0.5623075610072856,-6.831999450417337,-0.2213623683973709,-1.6816392765086283,-0.1,112289.0,-1.6816392765086283,18538.0,-7.847966178221077,2940.016032038623,4.0,1582.0,2166130.0,1582.0,4.0,-1.4529584000883888,8.275118757734212,1237.0,-1.4529584000883888,45573.0
2019-01,683536.5999999999,26735.0,9246.0,101.3659,89.56563934193586,269.0,5.157899425415358,-0.4581364308646862,0.2582681896333927,7.379169972746413,125.0,13503.0,1.7557327104412934,2165.0,125.0,-0.5198445948818797,-0.6425155817430861,-1.384882660566411,-1.384882660566411,5.34149989317001,12.000442412623505,-0.6425155817430861,-1.384882660566411,0.0399995505597043,12.000442412623505,-0.4581364308646862,-0.2504833854269028,0.0,108556.0,-0.2504833854269028,13503.0,5.157899425415358,2899.300259793048,6.0,1977.0,1999727.0,1977.0,6.0,15.40599775485112,19.92815127709131,1692.0,15.40599775485112,50450.0
2019-02,629214.8899999998,27608.0,9817.0,101.5478,89.11390093203644,1.0,-13.08399339235038,2.788649706457935,-0.7566805479433003,-13.83409368373707,-3880.0,15361.0,1.7604358125764108,1646.0,-3880.0,-0.585572401736334,5.9943677081936375,2.476704495952786,2.476704495952786,-9.71198701913326,-16.020935514664735,5.9943677081936375,2.476704495952786,-2.4383262786399853,-16.020935514664735,2.788649706457935,2.8062222930996583,0.2,104546.0,2.8062222930996583,15361.0,-13.08399339235038,2971.1073596785127,2.0,1701.0,1709254.0,1701.0,2.0,-3.859146865158891,13.527945888216442,1200.0,-3.859146865158891,43950.0
2019-03,540718.7100000002,29848.0,8931.0,101.3061,89.20987704361032,147.0,21.384015594541907,-9.193153172210769,1.2610021583062236,16.953765846383305,-3816.0,13562.0,0.959165444920651,1700.0,-3816.0,2.327927227907556,-4.297402159244268,5.535741395029081,5.535741395029081,-6.892807667827327,-9.301505174035752,-4.297402159244268,5.535741395029081,-3.3045279689434834,-9.301505174035752,-9.193153172210769,6.109986530558342,0.2,121304.0,6.109986530558342,13562.0,21.384015594541907,3135.580179678992,0.0,2076.0,1694157.0,2076.0,0.0,18.274928670714765,20.77352680202516,1294.0,18.274928670714765,52917.0
2019-04,516976.63,29184.0,8432.0,100.422,87.54435410338579,210.0,-19.21872490766019,16.403944711911777,3.603175299363581,-22.23993368827112,-4235.0,13130.0,0.4321365355189677,2012.0,-4235.0,0.1268105836249811,1.7714713788392844,-5.375931779212606,-5.375931779212606,11.99935660286311,15.54086174856304,1.7714713788392844,-5.375931779212606,-5.225455666153345,15.54086174856304,16.403944711911777,-4.808340027474667,0.1,117665.0,-4.808340027474667,13130.0,-19.21872490766019,2967.0135283369373,1.0,2001.0,1846375.0,2001.0,1.0,6.444099378881996,15.565833837641565,1076.0,6.444099378881996,53197.0
2019-05,582615.1399999997,29104.0,13961.0,99.8128,87.73520434244672,85.0,-5.8794294518165096,5.341716420399578,-0.5676434675067177,0.225493009716704,1792.0,9615.0,-1.921875414548535,2060.0,1792.0,-1.285191239128991,13.629212672295598,-2.0479032704612044,-2.0479032704612044,-7.744506678155972,3.265382457452781,13.629212672295598,-2.0479032704612044,-6.164440225268016,3.265382457452781,5.341716420399578,-1.256680270147725,0.0,114678.0,-1.256680270147725,9615.0,-5.8794294518165096,2906.251961255099,1.0,1701.0,1872027.0,1701.0,1.0,4.779661016949155,15.162891586367987,1328.0,4.779661016949155,55027.0
2019-06,576267.3500000001,29152.0,9006.0,99.4607,87.7761696715381,182.0,28.94181011722463,5.564790627721039,0.283583746990601,17.8720445062587,848.0,11617.0,-3.8418433450858713,1970.0,848.0,-0.1874848655024963,-3.200894218067274,-2.8598031420614123,-2.8598031420614123,15.244210935979762,8.113590263691695,-3.200894218067274,-2.8598031420614123,-11.232045266107978,8.113590263691695,5.564790627721039,-1.351572859896577,-0.3,116969.0,-1.351572859896577,11617.0,28.94181011722463,2823.1388763509044,3.0,2074.0,1917634.0,2074.0,3.0,9.746156227427516,9.775652813534386,1488.0,9.746156227427516,48933.0
2019-07,624404.46,27765.0,9379.0,99.8648,86.99510564299753,194.0,3.0713788443425205,3.1673665266946704,-0.7321495797281474,4.299843831337835,6957.0,8921.0,-3.8770646707818046,2633.0,6957.0,-0.3580203232736445,0.9487192945622612,2.2032659767885265,2.2032659767885265,-0.3782250439011259,-2.2246046636290484,0.9487192945622612,2.2032659767885265,-9.875917777888592,-2.2246046636290484,3.1673665266946704,-1.656995017574736,0.4,106918.0,-1.656995017574736,8921.0,3.0713788443425205,2885.3401346910337,0.0,1812.0,2010445.0,1812.0,0.0,7.1260164557571,9.677176895035512,1782.0,7.1260164557571,51977.0
2019-08,657253.8000000003,29122.0,9819.0,101.2848,87.60846048627626,207.0,-0.5919980928920543,2.514827305500633,-0.2769383967325289,2.408997138484059,-2157.0,9570.0,-5.189387347988439,2111.0,-2157.0,0.1758170800068015,2.305962485863966,-1.170608396409112,-1.170608396409112,1.823728813559322,-0.2741228070175405,2.305962485863966,-1.170608396409112,-9.630785769876567,-0.2741228070175405,2.514827305500633,-1.2234271536363694,-0.2,107264.0,-1.2234271536363694,9570.0,-0.5919980928920543,2851.5641008093785,-3.0,2498.0,2005408.0,2498.0,-3.0,27.61281960645693,7.228649325768188,2071.0,27.61281960645693,52432.0
2019-09,664015.7699999998,27024.0,9504.0,100.6537,87.30397618103139,208.0,-1.9504396482813768,3.611638921187721,1.2348459801281295,-3.778673078172723,-3909.0,11505.0,-7.56762589225517,2641.0,-3909.0,0.923732140004052,3.6566927132964944,-0.8705345070267545,-0.8705345070267545,-4.217990545309281,0.1649257833974626,3.6566927132964944,-0.8705345070267545,-9.467952245371636,0.1649257833974626,3.611638921187721,-0.497592483025866,-0.2,103674.0,-0.497592483025866,11505.0,-1.9504396482813768,2826.740251321846,-4.0,2269.0,1972932.0,2269.0,-4.0,8.54505806582484,3.9546410869022655,1758.0,8.54505806582484,50896.0
2019-10,751862.0200000004,28492.0,9091.0,100.5669,87.27538570276025,185.0,3.10207076471547,4.328785120913103,0.565238353958164,2.313017052169508,-11621.0,20477.0,-4.508706070625035,2388.0,-11621.0,-0.6344613089925066,-0.8053148327470172,2.2774733435518835,2.2774733435518835,7.660491467102282,-4.757821075740942,-0.8053148327470172,2.2774733435518835,-7.9088489003174685,-4.757821075740942,4.328785120913103,1.2909395371041743,-0.2,101279.0,1.2909395371041743,20477.0,3.10207076471547,2891.1185070371525,2.0,2314.0,1914829.0,2314.0,2.0,8.618718025880234,7.325086973328188,1205.0,8.618718025880234,56076.0
2019-11,415372.41,22914.0,9155.0,100.2666,88.08532484860532,261.0,5.108132684932598,2.965946059397617,0.7546955634699648,-7.095709570957098,6201.0,16124.0,-4.077895071758675,2339.0,6201.0,0.6877954971162836,3.290660603514328,-0.9317391392081652,-0.9317391392081652,-7.715899919289749,4.887448226184055,3.290660603514328,-0.9317391392081652,-9.02396052991386,4.887448226184055,2.965946059397617,-1.2358784439291282,0.1,106957.0,-1.2358784439291282,16124.0,5.108132684932598,2864.1808243461965,0.0,1856.0,1742042.0,1856.0,0.0,8.325084141754102,0.0309140246625316,1634.0,8.325084141754102,52511.0
2019-12,391842.2899999998,20781.0,9189.0,100.0057,87.7762543759716,184.0,-13.11641903328945,-5.483291503700971,0.0367766986356432,18.404973357015987,13675.0,18761.0,-5.6718975418568185,1691.0,13675.0,-0.5852592597044071,0.3672732058045858,-3.675751214693857,-3.675751214693857,-6.1185936680077,-7.204175537394408,0.3672732058045858,-3.675751214693857,-9.539158682642023,-7.204175537394408,-5.483291503700971,-3.3154619492542503,-0.1,104236.0,-3.3154619492542503,18761.0,-13.11641903328945,2758.9006629042624,-4.0,1572.0,1843654.0,1572.0,-4.0,-1.816347124117057,-0.368677186255717,1408.0,-1.816347124117057,47185.0
2020-01,530925.7699999998,19998.0,9133.0,100.1685,89.08009122376488,214.0,12.931855571910988,1.024410626912342,0.0982655971585977,-16.342143950076505,3024.0,15776.0,-7.424625199446899,1865.0,3024.0,-0.4586978308354972,-3.55797654238581,-2.925545097643656,-2.925545097643656,-1.0843642867789494,5.432208407341621,-3.55797654238581,-2.925545097643656,-7.134955093374167,5.432208407341621,1.024410626912342,-2.103947327195299,0.4,87891.0,-2.103947327195299,15776.0,12.931855571910988,2678.1877798118085,1.0,1777.0,1863469.0,1777.0,1.0,-9.82444763536986,-6.211527700055964,1673.0,-9.82444763536986,51825.0
2020-02,649827.0399999998,21224.0,9071.0,99.4692,89.17154997684966,251.0,-27.970097757331803,0.711150248835879,0.5876590546072924,-18.52675369387462,-10270.0,12676.0,-6.6794641639086,1305.0,-10270.0,-0.0995223173282933,-0.0420214803920404,3.5160214055907524,3.5160214055907524,-18.06743266151818,-19.57742524217324,-0.0420214803920404,3.5160214055907524,-6.699745356990257,-19.57742524217324,0.711150248835879,3.633733834141229,-0.2,104298.0,3.633733834141229,12676.0,-27.970097757331803,2772.353435431907,0.0,1682.0,1475067.0,1682.0,0.0,-9.344291584777563,-10.183443085606768,1577.0,-9.344291584777563,45069.0
2020-03,584747.2999999998,19332.0,8910.0,99.7934,85.2761903282927,-1373.0,41.57751876097717,-11.98563896028192,-0.5938215544574854,21.168236640549345,-6027.0,6854.0,-7.27889543609217,1395.0,-6027.0,1.126005810092967,-2.9291393103107133,4.377119499120163,4.377119499120163,-19.706653179456524,-9.30871956009427,-2.9291393103107133,4.377119499120163,-12.146113649459489,-9.30871956009427,-11.98563896028192,5.4284040294772185,-7.4,108288.0,5.4284040294772185,6854.0,41.57751876097717,2893.702658238725,-4.0,1604.0,1359335.0,1604.0,-4.0,-8.152409228675694,-10.190587320108913,1317.0,-8.152409228675694,54088.0
2020-04,705194.2400000001,12839.0,9208.0,93.7259,82.17452678511125,-20787.0,-30.916130972519827,4.9175886204560815,0.4172946916249032,-30.57361862898246,23996.0,3688.0,-4.819242143086299,1792.0,23996.0,1.1452567851855775,3.184388852091513,-2.997250687683184,-2.997250687683184,19.61289583691233,-3.767864876569949,3.184388852091513,-2.997250687683184,-20.72046300715373,-3.767864876569949,4.9175886204560815,-2.2831492306293,-6.3,114468.0,-2.2831492306293,3688.0,-30.916130972519827,2806.971135415158,-92.0,903.0,1604615.0,903.0,-92.0,-1.8651661977701408,-25.199177108659065,1870.0,-1.8651661977701408,48307.0
2020-05,664916.2699999998,14564.0,10525.0,93.2928,82.8907845296065,2725.0,10.094139413397183,2.82631775271871,1.117132718365066,-2.2290827272251623,25190.0,6241.0,-3.635114038305587,2016.0,25190.0,-0.5972183437687351,4.052686154453888,0.5086310991390341,0.5086310991390341,-10.240329375718115,6.130613061306134,4.052686154453888,0.5086310991390341,-17.446937975032256,6.130613061306134,2.82631775271871,-0.0282309208870401,3.2,113184.0,-0.0282309208870401,6241.0,10.094139413397183,2821.2482635537363,1.0,944.0,1579260.0,944.0,1.0,1.0406556669901867,-23.1237322515213,1939.0,1.0406556669901867,49546.0
2020-06,629248.2000000001,17118.0,11285.0,94.0282,88.05954531910936,4781.0,-3.632858837485176,-1.5012836254046258,-2.366756902994416,6.903933636606907,-472.0,15104.0,-11.0456381550899,2351.0,-472.0,-3.626425193521765,0.4887829068346505,-8.867971623062731,-8.867971623062731,-7.637740679502903,-8.914436486995857,0.4887829068346505,-8.867971623062731,-5.963543495106796,-8.914436486995857,-1.5012836254046258,-8.937702819051696,3.0,101083.0,-8.937702819051696,15104.0,-3.632858837485176,2571.0607681256406,5.0,1706.0,1715055.0,1706.0,5.0,-26.74533402284801,-35.2318413294023,1930.0,-26.74533402284801,53310.0
2020-07,456579.51000000007,15083.0,10265.0,95.642,89.96243088080705,1761.0,-13.07380622659896,-16.432942376338598,-13.644997626614597,-25.61201501877347,2134.0,19213.0,-20.94145311584065,890.0,2134.0,-11.868303064323516,-12.877938207619566,-14.351778205378096,-14.351778205378096,-83.26499971126638,-33.58679908959239,-12.877938207619566,-14.351778205378096,-0.1921208673752912,-33.58679908959239,-16.432942376338598,-12.597258764134944,2.0,103172.0,-12.597258764134944,19213.0,-13.07380622659896,2202.0678291587583,3.0,1359.0,2034822.0,1359.0,3.0,-82.63564498742365,-56.00671600877193,1055.0,-82.63564498742365,57503.0
2020-08,318564.7200000001,16134.0,8975.0,96.8567,90.64183474765858,1493.0,-2.832192589096061,-9.182134079159257,-10.970670142816209,-20.39841173699441,1353.0,18302.0,-16.333248389061183,1795.0,1353.0,3.2781612808749028,-7.676671861237216,-0.7485066668356577,-0.7485066668356577,98.75776397515529,13.435625827556663,-7.676671861237216,-0.7485066668356577,0.6257161029684902,13.435625827556663,-9.182134079159257,4.534111883257985,1.6,93979.0,4.534111883257985,18302.0,-2.832192589096061,2185.585204649262,10.0,1671.0,2234364.75,1671.0,10.0,-65.88800147730944,-49.95876855415064,1111.0,-65.88800147730944,56478.0
2020-09,980476.3600000008,18288.0,9413.0,96.4458,90.58788857967336,711.0,21.757347583191656,3.57236179028706,-6.599121475444225,46.49137639499492,-7196.0,28766.0,-6.677511846962703,2031.0,-7196.0,5.87932382479579,3.496257155438132,9.823765259913507,9.823765259913507,206.42361111111111,17.536391101345792,3.496257155438132,9.823765259913507,5.475577665123467,17.536391101345792,3.57236179028706,10.985691064973246,0.7,103129.0,10.985691064973246,28766.0,21.757347583191656,2400.2919647094054,4.0,1711.0,2097867.8,1711.0,4.0,-19.67856475425154,-41.28018660812294,2316.0,-19.67856475425154,59269.0
2020-10,922901.3600000008,19991.0,10338.0,97.7867,94.36721841333906,610.0,1.950027430053369,1.3064946298565472,-3.7209996653119526,6.538927685115725,-10130.399999999994,36912.0,-2.097750829116108,2315.0,-10130.399999999994,2.427459827080569,1.187031994554122,9.115166123200048,9.115166123200048,-2.3059490084985867,-11.888071036336022,1.187031994554122,9.115166123200048,9.817290359839063,-11.888071036336022,1.3064946298565472,6.261748883639884,0.8,105255.0,6.261748883639884,36912.0,1.950027430053369,2619.08256473449,8.0,2018.0,2242667.55,2018.0,8.0,-8.53327422840361,-45.676211057086256,2508.0,-8.53327422840361,60708.0
2020-11,293486.93,17809.0,11063.0,97.3144,95.40485833436256,245.0,8.10586048331865,-3.564757991354928,-3.333723694295065,16.39761646803901,-16121.600000000006,49818.0,0.1584805765237007,1949.0,-16121.600000000006,1.0928055578267593,2.356024611417129,1.0809401894400938,1.0809401894400938,-1.0670996926288925,6.968109792481592,2.356024611417129,1.0809401894400938,8.110987741004832,6.968109792481592,-3.564757991354928,1.040215462925742,0.6,102805.9659355965,1.040215462925742,49818.0,8.10586048331865,2647.393280771324,12.0,1601.0,2064444.7487293133,1601.0,12.0,-18.21027140637851,-44.59858526200124,715.5,-18.21027140637851,57649.0
